Y1,Y2
阿其所好,5
阿权膴仕,7
阿时趋俗,3
阿世媚俗,5
阿世取容,3
阿意取容,3
阿谀,7
阿谀谄媚,5
阿谀逢迎,5
阿谀奉承,5
阿谀取容,5
阿谀顺旨,5
阿尊事贵,5
哀哀切切,9
哀嚎,9
哀鸿遍野,7
哀梨蒸食,7
哀悯,5
哀莫大于心死,9
哀婉,1
哀怨,5
唉声叹气,5
矮墩墩,1
矮人看场,5
矮子看戏,5
爱博而情不专,5
爱财如命,5
爱搭不理,5
爱发牢骚,3
爱富嫌贫,5
爱管闲事,3
爱鹤失众,5
爱理不理,1
爱毛反裘,9
爱面子,3
爱慕虚荣,8
爱则加诸膝，恶则坠诸渊,7
爱之欲其生，恶之欲其死,7
碍事,3
碍手碍脚,5
碍眼,5
碍足碍手,5
暧昧不明,3
安故重迁,5
安于,3
安于故俗，溺于旧闻,5
安于现状,3
安之若命,3
安坐待毙,5
葊陋,5
岸然道貌,5
按部就班,3
按图所骏,3
按图索骥,5
案犯,5
暗藏,1
暗娼,5
暗沉沉,7
暗锤打人,5
暗淡,1
暗地,3
暗地里,3
暗度陈仓,8
暗害,3
暗箭,9
暗箭难防,5
暗箭伤人,5
暗礁险滩,7
暗里,3
暗昧,5
暗昧之事,5
暗弱,7
暗弱无断,5
暗事,3
暗室亏心,5
暗送秋波,5
暗算,3
暗无天日,7
暗笑,3
黯淡,1
黯然,5
黯然伤神,9
黯然失色,5
肮里肮脏,5
肮脏,9
昂首天外,5
昂首望天,5
昂头天外,5
熬磨,5
熬心,3
傲岸,5
傲慢,7
傲慢不逊,5
傲慢少礼,5
傲慢无礼,7
傲睨得志,5
傲睨万物,5
傲睨一切,5
傲睨一世,5
傲睨自若,5
傲气,5
傲世轻物,5
傲视,1
傲视轻物,5
傲头傲脑,5
傲物,5
傲贤慢士,5
傲一天和尚撞一天钟,5
懊糟,3
八股,3
八卦,5
八面光,5
八面见光,3
八面圆通,3
八婆,3
八砖学士,5
巴儿狗,3
巴结,5
巴人下里,5
扒高踩低,5
扒皮,3
扒窃,7
扒手,7
拔本塞源,3
拔葵啖枣,5
拔葵去织,7
拔了萝卜地皮宽,5
拔苗助长,5
跋扈,5
跋扈飞扬,5
跋扈自恣,5
跋扈恣睢,5
跋前踬后,7
把持,3
把头,5
把戏,5
罢黜,5
罢免,5
罢职,5
霸持,3
霸道,5
霸道横行,5
霸气,3
霸王别姬,5
霸王风月,7
霸占,5
霸主,5
白璧微瑕,3
白痴,7
白痴般,5
白搭,1
白党,5
白丁,1
白丁俗客,5
白费,3
白骨露野,9
白区,1
白日见鬼,3
白日做梦,7
白日做梦－胡思乱想,5
白眼,5
白字,1
百般刁难,5
百般奉承,3
百弊丛生,5
百辞莫辩,7
百孔千疮,5
百口莫辩,7
百里之才,1
百舍重趼,5
百思不解,5
百无一成,7
百无一能,1
百无一是,7
百无一用,7
百星不如一月,5
百依百顺,3
百约百叛,9
百足之虫，死而不僵,7
摆布,7
摆份儿,1
摆架子,5
摆款儿,1
摆阔,3
摆门面,5
摆普儿,3
摆谱儿,5
摆脱,5
摆样子,5
败北,3
败笔,3
败材伤锦,5
败德辱行,5
败国丧家,5
败国亡家,5
败化伤风,5
败坏,5
败家,5
败家子,7
败将,5
败军,5
败军之将,5
败柳残花,5
败落,7
败事有馀，成事不足,9
败俗伤风,5
败俗伤化,5
败诉,8
败退,1
败兴,1
败絮,7
败叶,1
败仗,5
败阵,5
败子,5
败走,8
拜忏,3
拜赐之师,5
拜金,5
拜物教,5
班门弄斧,5
搬唇递舌,5
搬脣递舌,7
搬脣弄舌,5
搬斤播两,5
搬口弄舌,5
搬弄,5
搬弄是非,5
搬石砸脚,5
板板六十四,5
板荡,7
板着脸,5
板着面孔,5
板滞,3
版版六十四,3
半半拉拉,5
半痴不癫,3
半吊子,5
半封建,3
半疯儿,1
半间不界,5
半路出家,3
半路劫胡,8
半上落下,5
半身不遂,5
半衰期,5
半死半生,5
半途而废,5
半涂而废,7
半推半就,5
半文盲,5
伴食宰相,5
伴食中书,5
拌嘴,3
绊脚石,5
帮倒忙,5
帮虎吃食,5
帮派,1
帮腔,5
帮闲,5
帮闲钻懒,5
帮凶,7
绑匪,5
绑架,5
绑票,5
棒打鸳鸯,5
棒喝,5
傍人篱壁,3
傍人篱落,5
傍人门户,3
谤毁,5
谤书,5
谤议,3
包办代替,5
包庇,3
包藏祸心,5
包藏奸心,5
包打天下,5
包打听,5
苞苴竿牍,5
薄唇轻言,5
薄命,7
薄情,3
薄弱,1
薄幸,3
饱暖生淫欲,5
饱暖思淫欲,5
饱其私囊,9
饱食终日,3
饱以老拳,5
宝山空回,5
保残守缺,7
保护伞,1
保释,8
报案,8
报仇,9
报仇雪恨,7
报废,7
报复,3
报复主义,7
报警,8
报丧,9
报应,7
抱病,3
抱残守缺,5
抱残守阙,5
抱粗腿,7
抱佛脚,5
抱憾终身,9
抱恨终生,9
抱火卧薪,5
抱疚,3
抱令守律,5
抱蔓摘瓜,5
抱头鼠窜,1
抱瓮出灌,5
抱薪救焚,5
抱薪救火,5
抱怨,9
鲍鱼之次,5
鲍鱼之肆,5
暴病,7
暴跌,8
暴动,7
暴风雨,5
暴行,7
暴洪,7
暴虎冯河,5
暴举,7
暴君,7
暴君政治,5
暴客,7
暴力行为,5
暴利,1
暴戾,5
暴戾恣睢,7
暴敛横征,5
暴烈,5
暴露,8
暴乱,7
暴民,3
暴内陵外,5
暴怒,9
暴虐,3
暴虐无道,7
暴取豪夺,9
暴殄天物,9
暴跳如雷,9
暴徒,7
暴躁,5
暴政,5
爆发,7
爆烈,3
爆炸,8
杯羹之让,5
杯弓蛇影,5
杯弓市虎,5
杯蛇鬼车,5
杯蛇幻影,7
杯水车薪,8
杯影蛇弓,5
杯中蛇影,5
卑鄙,9
卑鄙龌龊,5
卑鄙无耻,9
卑谄足恭,5
卑躬屈节,7
卑躬屈膝,9
卑贱,9
卑劣,9
卑陋,9
卑俗,5
卑琐,9
卑微,1
卑猥,9
卑污,7
卑下,7
悲不自胜,9
悲愁,5
悲愤填膺,7
悲歌,5
悲观,8
悲观地,3
悲观失望,5
悲观主义,7
悲剧,7
北辕适楚,3
备不住,7
备位充数,5
备位充数　,7
背包袱,3
背倍弃义,7
背本就末,7
背本趋末,7
背不住,7
背道而驰,3
背地里,5
背恩负义,7
背恩弃义,7
背恩忘义,5
背公向私,5
背公营私,7
背黑锅,7
背离,7
背理,3
背盟败约,5
背谬,3
背叛,5
背气,3
背弃,5
背山起楼,5
背时,5
背思忘义,9
背信,7
背信弃义,5
背兴,3
背义负恩,5
背义负信,5
背义忘恩,5
背约,5
背运,7
背债,5
悖晦,3
悖谬,5
悖逆,5
悖入悖出,5
悖言乱辞,7
被捕,8
被盗,8
被定罪,8
被动,1
被罚,8
被法院保全,8
被封,8
被告,5
被揭,8
被拘,8
被拒,8
被困,8
被判,8
被迫,8
被收回,8
被诉,8
被疑,8
被抓,8
奔窜,5
奔忙,5
奔突,5
奔走呼号,5
本本主义,5
本末倒置,7
本位主义,5
本性难移,5
笨伯,3
笨蛋,3
笨口拙舌,3
笨手笨脚,5
笨头笨脑,5
笨重,1
笨拙,5
崩漏,7
崩落,5
崩塌,5
崩症,7
绷着脸,3
蹦跶,1
逼宫,8
逼供,3
逼婚,3
逼勒,5
逼良为娼,5
逼迫,5
逼人太甚,5
逼债,8
鼻孔朝天,7
鼻孔辽天,5
鼻孔撩天,7
鼻酸,3
鼻咽癌,7
匕首,5
秕糠,1
秕子,3
俾昼作夜,5
鄙薄,7
鄙贱,9
鄙俚,7
鄙俚浅陋,5
鄙吝,7
鄙吝复萌,5
鄙陋,9
鄙弃,5
鄙视,7
鄙俗,5
鄙夷,7
鄙夷不屑,5
毕命,9
毕其功于一役,3
闭关锁国,7
闭关自守,5
闭门羹,5
闭门造车,5
闭目塞听,5
闭气,5
闭塞,3
闭眼睛捉麻雀,3
庇护,3
庇荫,3
毙命,5
敝屣,3
婢膝奴颜,5
蔽聪塞明,5
蔽美扬恶,7
蔽塞,5
弊病,7
弊端,5
弊害,9
弊政,9
壁上观,7
避而不谈,7
避讳,7
避忌,7
避凉附炎,5
避难,7
避实就虚,1
避重就轻,3
髀肉复生,5
砭庸针俗,5
鞭笞,5
鞭挞,7
贬斥,5
贬黜,7
贬低,5
贬抑,7
贬责,7
贬谪,7
贬值,5
扁平足,3
扁桃体炎,5
褊急,3
褊狭,7
变故,8
变卦,5
变节,5
变脸,5
变乱,3
变色龙,5
变数,8
变态,7
变天,5
变相,5
变心,3
变性,5
变异,8
变质,5
变种,3
便秘,5
便血,5
便宜行事,3
辩驳,5
辩护,8
辩难,5
标榜,5
瘭疽,5
表里为奸,5
表面化,3
婊子,9
憋得慌,7
憋闷,7
憋拗,9
憋气,3
憋屈,3
憋着一肚子气,7
别别扭扭,5
别风淮雨,5
别鹤孤鸾,5
别生枝节,5
别有用心,5
别嘴,1
蹩脚,1
瘪三,5
濒危,7
濒于,3
摈斥,5
摈除,5
殡车,3
殡仪馆,5
殡葬,5
鬓乱钗横,7
冰雹,5
冰凉,5
冰山难靠,5
冰炭,7
兵败,8
兵败将亡,5
兵败如山倒,5
兵变,5
兵荒马乱,5
兵火,5
兵连祸结,7
兵临城下,5
兵乱,7
兵痞,7
兵器,3
秉性剌戾,9
并发症,5
并日而食,3
病案,5
病包儿,7
病虫害,5
病床,5
病毒,5
病毒性肝炎,7
病笃,7
病房,5
病根,5
病害,5
病急乱投医,3
病例,5
病粒,5
病魔,7
病情加重,8
病容,5
病入膏肓,5
病态,7
病象,5
病恹恹,1
病原虫,5
病原菌,5
病原体,7
病院,5
拨弄,5
波荡,5
波诡云谲,8
波澜再起,8
波涛,3
波折,5
剥夺,8
剥肤及髓,5
剥离,8
剥皮抽筋,9
剥削,3
播穅眯目,5
播糠眯目,5
播弄,7
驳斥,7
驳回,5
驳难,7
驳杂,1
勃然,9
博而不精,3
博士买驴,3
博土买驴,6
搏斗,5
簸荡,5
簸弄,3
卜昼卜夜,5
补考,7
补正,7
捕风捉影,3
捕影系风,5
不安全,8
不安于室,5
不拔一毛,5
不避斧钺,5
不避汤火,5
不辨龙蛇,5
不辨菽麦,7
不辨菽粟,5
不辩菽麦,5
不才,7
不测,7
不测之罪,5
不称职,8
不成才,5
不成材,5
不成功,8
不成话,5
不成器,5
不成熟,8
不成体统,7
不成样子,7
不诚实,8
不逞,3
不逞之徒,5
不齿,3
不齿于人,5
不啻,7
不辞而别,3
不待见,5
不当,3
不当行为,8
不到黄河心不死,5
不道,7
不道德,7
不得劲,5
不得其死,3
不得人心,7
不得善终,5
不得要领,3
不得已,7
不登大雅,5
不迭,5
不端,5
不对,3
不对茬儿,5
不法行为,8
不方便,8
不分青白,5
不分青红皂白,7
不分皁白,5
不分皂白,5
不敷,5
不伏烧埋,5
不服从,8
不符,5
不敢越雷池一步,5
不干不净,3
不根之论,5
不耕而食，不蚕而衣,3
不更事,3
不公,3
不公平,8
不攻自破,1
不够,5
不管不顾,3
不管三七二十一,3
不规则,8
不轨,3
不合格,8
不合理,3
不合情理,8
不合时宜,3
不合算,8
不护细行,5
不怀好意,5
不遑,7
不会透露,8
不活动,8
不及,5
不济,5
不济事,7
不佳,8
不稼不穑,5
不坚定,5
不兼容,8
不见得,5
不见棺材不落泪,5
不见经传,1
不见天日,7
不健全,8
不觉技痒,5
不教而诛,5
不洁,9
不结实,8
不今不古,3
不近情理,7
不近人情,3
不经之说,5
不经之谈,3
不经之语,5
不景气,7
不敬,7
不拘小节,1
不开化,7
不堪,9
不堪回首,7
不堪其忧,7
不堪入耳,7
不堪入目,9
不堪设想,7
不堪一击,5
不堪造就,9
不看了了,3
不可,5
不可避免,8
不可持续,8
不可告人,5
不可行,8
不可恢复,8
不可教训,5
不可接受,8
不可究诘,7
不可救药,5
不可抗拒,8
不可靠,8
不可控,8
不可理喻,5
不可能的,8
不可能性,8
不可逆,8
不可企及,7
不可取,8
不可调和,8
不可挽回,5
不可一世,7
不可用,8
不可预测,8
不可预见,8
不可预知,8
不可再生,8
不克,3
不快,5
不郎不秀,7
不稂不莠,7
不朗不秀,5
不劳而获,5
不了不当,5
不了了之,3
不理想,8
不力,5
不利,5
不廉,7
不良,3
不良资产,8
不凉不酸,5
不劣方头,5
不灵,8
不伦不类,7
不落边际,5
不履行,8
不满,3
不毛之地,5
不敏,5
不名一钱,1
不名一文,5
不名誉,7
不明不白,5
不明朗,8
不能废止,8
不能接受的,8
不能取消,8
不佞,5
不匹配,8
不平等条约,7
不期而然,7
不起眼,3
不起眼儿,3
不切实际,7
不清不白,7
不清不楚,5
不求甚解,3
不确定,8
不人道,7
不仁,7
不仁不义,9
不忍,5
不容乐观,8
不容置喙,7
不如意事常八九,3
不入时宜,5
不三不四,7
不僧不俗,5
不衫不履,3
不胜衣,1
不识大体,3
不识东家,5
不识好歹,5
不识局面,5
不识起倒,5
不识人间有羞耻事,7
不识时变,3
不识时务,3
不识抬举,5
不识泰山,5
不识闲儿,3
不识一丁,5
不识之无,5
不实,8
不实的,8
不食之地,5
不是话,7
不是滋味儿,3
不适,5
不适当,8
不适合,8
不适宜,8
不受控,8
不死不活,5
不遂,5
不通水火,5
不同意,8
不痛不痒,5
不透明,3
不妥,5
不外,5
不完全,8
不完整,8
不韪,7
不文不武,5
不闻不问,1
不稳定,8
不稳平衡,5
不问青红皂白,7
不问是非情由,7
不问皁白,5
不舞之鹤,5
不务正业,5
不咸不淡,5
不相称,8
不相闻问杜门谢客,5
不详,5
不像话,9
不肖,7
不肖子孙,5
不消,7
不小心,8
不晓世务,5
不孝,7
不协调,8
不屑于,5
不幸,8
不修边幅,3
不脩边幅,5
不恤,5
不旋踵,5
不学无识,5
不学无术,7
不逊,5
不雅,3
不扬,3
不要脸,7
不要命,8
不夷不惠,8
不宜,3
不以为耻,7
不以为然,7
不以为意,5
不义,7
不义之财,7
不翼而飞,8
不因人热,5
不阴不阳,5
不由分说,3
不友好,8
不渝,7
不允许,8
不在其位，不谋其政,5
不择生冷,5
不择手段,7
不怎么样,3
不着边际,3
不着调,5
不真实,8
不振,8
不整齐,3
不正常,8
不正确4,8
不知颠倒,5
不知薡蕫,5
不知甘苦,7
不知高低,7
不知高下,5
不知好歹,5
不知进退,5
不知就里,5
不知利害,5
不知轻重,7
不知深浅,3
不知死活,5
不知所从,5
不知所厝,5
不知所错,5
不知所为,5
不知所以,5
不知所云,5
不知疼痒,5
不知天高地厚,5
不知痛痒,5
不知头脑,5
不知羞耻,7
不直一钱,5
不直一文,5
不值钱,8
不值一顾,5
不值一钱,7
不值一哂,5
不值一提,3
不值一文,9
不值一笑,5
不治之症,5
不置褒贬,3
不中,5
不忠,8
不忠诚,8
不周,3
不准确,8
不自量,5
不自量力,5
不足,5
不足齿数,5
不足道,1
不足挂齿,3
不足轻重,9
不足取,5
不足为据,7
不足为凭,3
不足为外人道,3
不作为,8
布鼓雷门,5
布氏杆菌病,7
步履维艰,5
步人后尘,5
部分质变,5
猜忌,5
猜疑,5
才高运蹇,5
才疏学浅,7
才疏意广,3
财迷,3
财迷心窍,9
财政危机,7
裁处,7
裁汰,7
裁员,8
彩风随鸦,5
彩凤随鸦,3
参差不齐,5
参错,3
残败,3
残暴,9
残兵败将,5
残喘,5
残毒,5
残废,7
残害,9
残货,3
残疾,7
残局,5
残酷,8
残酷无情,9
残虐,5
残虐不仁,9
残品,1
残破,1
残破不全,1
残缺,8
残忍,8
残杀,7
残损,3
残渣余孽,9
蚕食,3
蚕食鲸吞,7
惭凫企鹤,3
惭怍,3
惨败,8
惨不忍睹,7
惨淡,8
惨淡经营,8
惨毒,7
惨绝人寰,5
惨杀,7
惨痛,7
惨无人道,9
惨无人理,5
惨无天日,9
惨遭,8
惨重,7
仓皇失措,7
仓卒从事,5
仓卒应战,9
伧俗,5
苍凉,8
苍蝇药不死人－恶心,7
沧海遗珠,5
藏垢纳污,7
藏奸,5
藏头露尾,5
藏掖,5
操刀伤锦,5
操戈同室,5
操控,8
操切,3
操之过急,1
操之过切,5
操纵,8
嘈杂,1
草包,7
草草了事,5
草草收兵,5
草行露宿,5
草鸡,7
草间求活,5
草菅人命,9
草芥,3
草寇,5
草率,5
草率收兵,5
草木皆兵,9
草木愚夫,3
草野,3
草衣木食,1
草薙禽狝,7
侧足,3
侧足而立,5
策动,5
策划,1
曾参杀人,5
曾经沧海,7
蹭蹬,5
插翅难飞,5
插脚,7
插足,3
插嘴,7
查抄,5
查处,8
查封,5
察察为明,5
察见渊鱼,3
岔子,5
差池,3
差劲,5
差若毫釐，谬以千里,5
差三错四,5
差失,3
差误,3
差役,5
差之毫釐，谬以千里,5
差之毫釐，失之千里,5
差之毫氂，失之千里,5
拆东补西,5
拆东墙补西墙,5
拆烂污,1
拆了东墙补西墙,8
拆散,3
拆台,5
豺狐之心,7
豺虎肆虐,7
豺狼,5
豺狼成性,9
豺狼当道,9
豺狼当路,5
豺狼横道,5
掺和,3
掺假,8
搀兑,7
搀行夺市,5
搀和,7
搀假,5
搀杂,7
谗害,5
谗口嗷嗷,5
谗口铄金,5
谗佞,7
谗言,5
馋鬼,1
馋猫,1
馋涎欲滴,3
馋嘴,1
孱弱,3
孱头,3
缠磨,3
缠扰,3
缠身,8
缠手,7
蝉腹龟肠,5
产褥感染,7
谄词令色,5
谄媚,7
谄山傲下,5
谄上欺下,5
谄上抑下,5
谄笑,7
谄笑胁肩,5
谄谀,5
忏悔,8
羼杂,7
伥鬼,7
猖獗,3
猖狂,7
娼妇,7
娼妓,5
肠肥脑满,5
肠伤寒,5
肠阻塞,5
倡情冶思,5
唱筹量沙,1
唱独角戏,5
唱对台戏,5
唱反调,7
唱高调,5
抄家,7
抄袭,5
抄用,5
超标,8
超跌反弹,8
超经济剥削,5
超生,5
超速,8
超员,5
超载,5
超支,5
超重,5
巢毁卵破,5
朝不虑夕,5
朝不谋夕,3
朝不某夕,3
朝歌暮弦,5
朝歌暮宴,5
朝歌夜弦,5
朝更暮改,7
朝梁暮陈,7
朝梁暮晋,5
朝梁暮周,5
朝令夕改,7
朝秦暮楚,5
朝三暮四,5
朝中有人好做官　,7
嘲笑,5
嘲谑,5
潮乎乎,5
潮呼呼,1
潮湿,1
吵吵,3
吵架,3
吵闹,7
吵嚷,3
吵扰,3
吵人,5
吵子,3
吵嘴,5
炒作,8
扯淡,3
扯后腿,7
扯谎,3
扯皮,3
扯臊,3
扯腿,3
彻头彻尾,1
掣肘,5
撤销,8
撤销本级,8
撤资,8
尘埃传染,5
尘肺,5
尘嚣,3
沉沧,5
沉痼,5
沉沦,5
沉迷,5
沉溺,1
沉吟,5
沉吟不决,3
沉冤,7
沉渣,5
沉滞,3
陈陈相因,7
陈词滥调,5
陈腐,7
陈腐不堪,7
陈规,5
陈规陋习,5
陈规陋习　,5
陈套,3
趁火打劫,7
趁人之危,9
称王称霸,5
称薪而爨,5
成败论人,3
成见,7
成泡影,8
成事不足,8
成事不足，败事有余,9
成心,1
成性,5
承颜候色,5
城狐社鼠,5
城下之盟,7
乘风转舵,5
乘人之危,5
乘伪行诈,7
乘兴而来,7
乘兴而来，败兴而归,1
惩办,7
惩办主义,7
惩处,7
惩罚,5
惩戒,7
惩治,7
澄而不清,8
逞能,3
逞性,7
逞性妄为,7
逞性子,7
逞凶,3
吃瘪,3
吃不服,7
吃不开,7
吃不来,5
吃不上,7
吃不消,5
吃不住,5
吃不准,3
吃错药,5
吃大锅饭,5
吃独食,3
吃寡醋,5
吃后悔药,3
吃货,7
吃教,5
吃紧,5
吃劲,5
吃亏,5
吃老本,5
吃里爬外　,7
吃偏饭,3
吃无名醋,5
吃心,3
吃嘴,3
嗤笑,5
嗤之以鼻,9
痴呆,5
痴肥,3
痴话,1
痴人说梦,5
痴想,5
痴心妄想,9
痴愚,7
痴子,7
魑魅,7
魑魅魍魉,7
池鱼之祸,7
弛缓,3
弛懈,3
迟到,3
迟钝,5
迟缓,1
迟误,3
迟延,1
迟疑不决,3
迟滞,1
齿冷,5
侈糜,9
侈谈,5
耻骂,5
耻辱,7
耻笑,5
褫其华衮，示人本相,7
叱呵,5
叱骂,9
叱问,3
斥骂,3
斥责,7
斥逐,9
赤白痢,5
赤口毒舌,5
赤佬,5
赤痢,7
赤裸裸,3
赤霉病,7
赤贫,3
赤舌烧城,5
炽燥,5
跅弛不羁,7
跅幪不羁,7
跅弢不羁,7
冲犯,3
冲杀,3
冲突,8
冲撞,1
充耳不闻,5
充数,3
忡忡,5
崇洋,3
崇洋媚外,7
宠儿,3
抽抽儿,1
抽贷,8
抽风,5
仇敌,5
仇人相见，分外眼红,8
仇视,7
仇外,7
仇隙,5
诪张,5
诪张变眩,7
诪张为幻,7
愁惨,5
愁肠寸断,9
愁眉,7
愁绪,1
踌躇不决,3
踌躇不前,3
丑八怪,5
丑诋,5
丑恶,5
丑行,5
丑化,3
丑话,1
丑角,3
丑剧,1
丑类,5
丑陋,5
丑婆子,7
丑史,5
丑事,5
丑态,3
丑态百出,5
丑态毕露,9
丑闻,3
臭不可当,9
臭不可闻,9
臭烘烘,9
臭哄哄,9
臭乎乎,7
臭架子,1
臭名,3
臭名远扬,9
臭名昭彰,9
臭名昭著,7
臭皮囊,7
臭棋,1
臭气冲天,9
臭气熏天,9
臭肉来蝇,9
臭味相投,5
臭嘴,3
出丑,3
出尔反尔,5
出格,3
出乖露丑,5
出轨,3
出疆载质,9
出局,1
出口伤人,5
出毛病,5
出圈儿,5
出人意表,7
出逃,3
出言不逊,5
出言无状,7
初现端倪,8
樗栎庸材　,5
楚囚对泣,3
处罚,8
处分,8
处境不利,8
处理不当,8
处心积虑,5
怵心刿目,7
畜生,9
触底,8
触犯,3
触礁,8
触目,7
触目兴叹,1
憷场,1
憷头,3
穿窬,5
穿窬之盗,7
穿凿,3
穿凿附会,5
船到江心补漏迟,9
舛错,3
舛讹,3
舛误,5
串供,3
串骗,5
串通,1
疮痍,7
闯祸,5
吹篪乞食,1
吹大法螺,8
吹大气,7
吹胡子瞪眼,5
吹擂,5
吹毛求疵,5
吹牛,3
吹拍,5
吹求,5
吹箫乞食,5
吹嘘,3
垂怜,3
垂帘听政,9
垂暮,7
垂危,7
垂涎,5
垂涎三尺,7
垂涎欲滴,7
春蚕自缚,5
春露秋霜,7
唇干口燥,7
唇焦舌敝,8
唇枪舌剑,6
鹑衣,1
蠢笨,7
蠢材,7
蠢蠢,3
蠢蠢欲动,5
蠢动,9
蠢话,5
蠢货,7
蠢人,5
蠢如鹿豕,5
蠢事,3
蠢头蠢脑,7
戳脊梁骨,5
啜菽饮水,1
惙怛伤悴,9
疵点,3
疵品,3
词不达意,3
辞不达意,8
辞任,8
辞职,8
雌老虎,5
此地无银三百两,5
此一时，彼一时,3
次等,1
次货,3
次品,3
刺刺不休,3
刺儿话,3
刺儿头,3
刺耳,3
刺激,5
刺激性毒剂,7
刺目,3
刺杀,7
刺眼,1
聪明反被聪明误,5
从犯,7
从风而服,3
从井救人,5
从权,1
凑和,1
凑热闹儿,5
粗暴,5
粗笨,5
粗鄙,7
粗服乱头,1
粗浮,7
粗犷,3
粗话,3
粗活,5
粗拉,1
粗劣,5
粗陋,7
粗鲁,5
粗率,5
粗蛮,7
粗莽,5
粗浅,3
粗手笨脚,5
粗疏,3
粗俗,7
粗腿病,7
粗心,3
粗心大意,5
粗野,5
粗枝大叶,1
粗制滥造,5
粗拙,5
促狭,3
醋劲儿,7
醋坛子,5
醋心,1
醋意,1
蹙蹙靡骋,5
蹙国百里,7
蹙国丧师,7
撺掇,7
窜端匿迹,3
窜犯,5
窜改,3
窜扰,5
窜逃,3
篡夺,5
篡改,5
篡国,5
篡权,5
篡位,7
爨桂炊玉,3
催逼,3
催命,9
催迫,5
催收,8
摧残,5
摧毁,7
摧眉折腰,3
榱崩栋折,7
败类,7
脆而不坚,5
村夫俗子,5
村话,5
村气,5
村俗,5
村学究语,5
存十一於千百,5
存亡绝续,7
存心,3
存心积虑,7
存疑,8
危险,5
存在危险,8
存在主义,5
寸步难移,5
寸草不留,7
寸量铢称,5
寸木岑楼,5
寸蹄尺缣,5
寸田尺宅,5
寸长尺短,5
寸长尺技,5
寸指测渊,3
搓手顿足,5
撮弄,5
撮盐入火,5
蹉跌,3
蹉跎,5
蹉跎日月,8
蹉跎自误,5
挫败,8
挫伤,8
挫折,8
措大,1
措心积虑,7
错别字,3
错处,3
错讹,3
错愕,7
错估,8
错过,8
错会,3
错漏,3
错乱,7
错认颜标,5
错失,8
错误百出,5
错误陈述,8
错杂,5
嗒丧,5
打草惊蛇,5
打岔,3
打错算盘,8
打掉牙往肚子里吞－有苦显不出来,7
打躬作揖,1
打官司,8
打谎,3
打击,5
打击报复,7
打鸡骂狗,5
打家劫舍,5
打家截道,5
打家截舍,5
打假,8
打落水狗,7
打马虎眼,3
打骂,5
打蔫儿,1
打破,5
打破醋坛子,5
打情骂俏,3
打群架,7
打扰,5
打手,3
打水漂,8
打死虎,7
打死老虎,7
打退堂鼓,3
打小算盘,3
打掩护,3
打肿脸充胖子,3
大材小用,5
大吹大擂,3
大吹法螺,3
大醇小疵,3
大错而特错,9
大错特错,9
大打出手,5
大大咧咧,5
大胆,3
大颠簸,8
大而笨拙,7
大而无当,7
大放厥词,5
大腹便便,1
大国主义,5
大旱云霓,7
大呼小喝,5
大呼小叫,3
大话,3
大惑不解,7
大开方便之门,3
大骂,5
大民族主义,5
大谬不然,9
大缪不然,5
大模大样,3
大难临头,5
大逆不道,9
大逆无道,7
大权独揽,5
大权旁落,7
大人先生,5
大杀风景,3
大厦将颠,7
大厦将倾,7
大厦将倾，一木难支,7
大煞风景,7
大煞风趣,7
大舌头,7
大声疾呼,3
大手大脚,5
大水冲了龙王庙　,5
大肆,3
大题小做,3
大相径庭,5
大兴土木,5
大言不惭,7
大眼看小眼,5
大吆小喝,5
大摇大摆,5
大爷,5
大意,5
大杂烩,1
大做文章,5
呆板,3
呆笨,7
呆钝,5
呆愣愣,3
呆气,5
呆如木鸡,5
呆若木鸡,5
呆傻,7
呆似木鸡,5
呆头呆脑,5
呆小症,7
呆怔,3
呆滞,8
呆住,3
呆子,3
歹毒,9
歹人,7
歹徒,7
歹心,5
逮捕,8
代越庖俎,5
带水拖泥,5
待定,8
待兔守株,5
怠惰,7
怠工,3
怠慢,5
戴高帽兒,5
戴高帽子,5
戴盆望天,3
担雪塞井,5
担雪填河,5
担雪填井,5
单鹄寡凫,3
单见浅闻,5
单弱,3
单调,3
单文孤证,5
耽搁,3
耽误,3
胆大包天,7
胆大妄为,9
胆大心粗,5
胆敢,3
胆寒发竖,9
胆裂魂飞,9
胆怯,1
胆丧魂惊,9
胆丧魂消,9
胆小,3
胆小鬼,5
胆小怕事,7
胆小如豆,5
胆小如鼠,3
胆小如鼷,5
胆战心寒,7
胆战心慌,7
胆战心摇,7
诞幻不经,5
诞谩不经,5
诞罔不经,5
诞妄不经,5
淡而不厌,5
淡而无味,3
淡饭黄齑,5
淡妆浓抹,3
弹冠相庆,7
弹尽粮绝,7
弹空说嘴,5
弹丸之地,3
蛋白质,5
当场出彩,7
当道,9
当断不断,5
当断不断，反受其乱,7
当面错过,5
当面鼓，对面锣,8
当头棒喝,7
党恶佑奸,5
党阀,7
党棍,7
党同妒异,5
党同伐异,5
党徒,3
党邪丑1,5
党邪丑正,5
党邪陷正,5
党羽,3
荡检逾闲,7
荡析离居,5
刀光血影,5
刀头舔蜜,5
刀俎,5
叨叨,3
叨教,5
叨在知己,7
捣蛋,5
捣鬼,3
捣毁,5
捣乱,5
倒闭,8
倒彩,5
倒持干戈,5
倒持戈矛,5
倒持太阿,5
倒持泰阿,9
倒打一耙,5
倒打一瓦,5
倒戈卸甲,7
倒果为因,7
倒行逆施,9
倒三颠四,5
倒手套现,8
倒塌,8
倒胃口,5
倒爷,3
倒因为果,5
倒运,5
倒灶,5
蹈常袭故,5
蹈其覆辙,3
蹈人旧辙,5
蹈袭,1
盗匪,5
盗劫,5
盗寇,7
盗猎,5
盗卖,5
盗骗,5
盗窃,5
盗印,3
盗用,5
盗贼,5
盗憎主人,5
道傍苦李,5
道边苦李,5
道大莫容,5
道德败坏,9
道东说西,5
道尽途穷,7
道殣相属,5
道殣相望,5
道殣相枕,5
道路以目,7
道貌岸然,7
道旁苦李,5
道听耳食,5
道微德薄,5
道西说东,5
道学先生,7
得薄能鲜,5
得步进步,5
得逞,5
得寸进尺,5
得过且过,5
得计,1
得陇望蜀,5
得势,3
得意忘形,5
得用,5
得鱼忘筌,5
得罪,5
德薄,7
德薄才疏,5
德高望重,7
德性,5
德音莫违,5
灯蛾扑火,5
灯红酒绿,5
等而下之,5
等米下锅,1
等外,5
等闲视之,3
等因奉此,5
瞪眼,7
低卑,7
低潮,3
低沉,3
低档,3
低估,3
低估值,8
低级,7
低贱,5
低劣,5
低眉顺眼,3
低眉折腰,3
低迷,8
低能,5
低能儿,7
低人一等,7
低三下四,7
低首下心,3
低俗,7
低头哈腰,5
低微,3
低质,3
低智,3
堤防,3
堤之千里，溃于蚁穴,7
嘀咕,3
嘀里嘟噜,9
滴里嘟噜,3
敌对,5
敌国,1
敌国通舟,5
敌寇,5
敌酋,5
敌人,5
敌探,5
敌特,5
敌伪,5
敌意,5
诋毁,5
抵触,3
抵赖,3
抵命,9
抵排,5
抵消,8
抵债,8
抵制,3
抵罪,5
底下人,1
地保,5
地方民族主义,7
地方主义,7
地痞,5
地区霸权主义,7
地煞,7
地头蛇,5
地狱,5
地狱变相,5
地主,3
地主阶级,5
弟子孩儿,3
帝国主义,7
递减,8
嗲声嗲气,3
颠倒黑白,7
颠倒是非,7
颠来倒去,3
颠沛,3
颠沛流离,3
颠三倒四,1
癫狂,3
点火,5
点金成铁,5
点头哈腰,5
玷辱,5
玷污,8
刁恶,7
刁悍,7
刁滑,5
刁赖,7
刁蛮,7
刁顽,7
刁诈,7
刁钻,3
刁钻古怪,7
凋败,3
凋敝,5
凋落,3
彫虫小技,5
彫虫篆刻,5
貂狗相属,5
貂裘换酒,5
雕虫薄技,5
雕虫刻篆,5
雕虫末伎,5
雕虫末技,5
雕虫小技,5
雕虫小巧,5
雕虫小事,5
雕虫小艺,5
雕虫篆刻,5
雕镂藻绘,5
雕心雁爪,7
雕心鹰爪,7
吊儿郎当,5
吊销,8
钓名沽誉,5
钓名欺世,5
钓名要誉,5
钓誉沽名,5
掉队,3
掉魂,7
掉价,3
掉三寸舌,6
掉舌,3
掉书袋,3
掉以轻心,5
跌弹斑鸠,5
跌份,3
跌跤,3
跌脚捶胸,5
跌脚搥胸,5
跌脚槌胸,5
跌落,8
跌停,8
喋喋,5
喋喋不休,3
喋血,7
叠床架屋,5
蹀躞不下,5
鲽离鹣背,5
顶嘴,3
鼎鱼幕燕,7
定罪,8
丢丑,9
丢份,3
丢魂丢魄,7
丢魂丧胆,7
丢魂失魄,7
丢盔抛甲,5
丢盔弃甲,5
丢盔卸甲,5
丢脸,5
丢面子,7
丢人,7
丢人现眼,7
丢三拉四,5
丢三落四,5
丢三忘四,5
东抄西袭,5
东扯西拉,5
东冲西撞,5
东窗计,5
东窗事发,7
东窗事犯,5
东窗消息,5
东闯西踱,5
东倒西歪,5
东躲西藏,3
东扶西倒,5
东扶西例,5
东滚西爬,5
东横西倒,5
东烘先生,3
东家效颦,5
东磕西撞,5
东诓西骗,5
东拉西扯,3
东捞西摸,5
东猎西渔,5
东鳞西爪,3
东拼西凑,3
东敲西逼,5
东闪西躲,5
东闪西挪,5
东施效颦,5
东食西宿,5
东偷西摸,5
东涂西抹,5
东掩西遮,3
东摇西摆,5
东一榔头，西一棒槌,5
东一榔头，西一棒杨,5
东游西荡,3
东游西逛,5
东张西望,1
东支西吾,5
冬烘,5
冬箑夏裘,5
冬扇夏炉,5
动荡不安,3
动乱,7
动辄得咎,5
动作迟顿,3
冻结,8
冻伤,7
栋折榱崩,7
洞烛其奸,5
恫吓,3
恫心疾首,9
兜兜搭搭,3
兜售,1
抖搂,5
陡生变数,8
陡增通吃,8
斗脣合舌,5
斗而铸兵,5
斗而铸锥,5
斗方名士,3
斗鸡走狗,5
斗绝一隅,3
斗殴,7
斗气,3
斗筲,5
斗筲之人,5
斗挹箕扬,5
豆剖瓜分,7
豆萁燃豆,5
豆萁相煎,5
豆重榆瞑,7
饾饤堆砌,3
嘟嘟囔囔,3
毒草,5
毒打,7
毒犯,5
毒贩,5
毒赋賸敛,5
毒害,7
毒化,9
毒计,7
毒辣,9
毒瘤,7
毒泷恶雾,7
毒魔狠怪,7
毒谋,7
毒品,5
毒蛇猛兽,7
毒手,5
毒素,5
毒物,9
毒刑,5
独霸,5
独裁,7
独裁者,7
独断,5
独断独行,5
独断专行,7
独夫,5
独夫民贼,5
独行独断,5
独行其是,5
独立王国,5
独善其身,8
独是独非,5
独吞,5
独弦哀歌,5
渎犯,7
渎货无厌,9
渎神,9
渎职,5
黩武,7
黩武穷兵,7
堵得慌,7
堵心,5
赌博,8
赌棍,5
赌气,5
赌钱,3
赌咒,7
睹物思人,7
杜口裹足,5
杜口结舌,5
杜口木舌,5
杜门却扫,5
妒火,3
妒忌,7
妒忌心,3
妒能害贤,5
妒贤疾能,5
妒贤嫉能,5
妒意,3
度量小,7
度日如年,7
蠹弊,9
蠹虫,7
蠹众木折,5
短处,3
短见,5
短气,1
短浅,3
短视,7
短针攻疽,3
断炊,5
断梗飘蓬,1
断鹤续凫,3
断粮,7
断线风筝,1
断章截句,3
断章取义,5
断章取意,5
对薄公堂,8
对付,3
对抗,8
对口疮,5
对牛弹琴,3
对牛鼓簧,5
钝口拙腮,5
顿足捶胸,9
遁逃,8
遁天倍情,5
遁天妄行,7
多变,3
多病,3
多藏厚亡,7
多愁善感,3
多此一举,3
多端寡要,3
多行不义必自毖,7
多情善感,1
多事之秋,7
多嫌,5
多心,5
多许少与,5
多言多语,5
多一事不如少一事,3
多一事不如省一事,3
多疑,3
多有微词,3
多余,3
多嘴,3
多嘴多舌,5
多嘴献浅,5
咄咄逼人,9
掇弄,3
掇臀捧屁,5
夺人所好,7
躲懒,3
堕落,1
堕云雾中,7
惰性,3
讹传,3
讹赖,5
讹谬,7
讹脱,1
讹误,3
讹以传讹,5
讹以滋讹,5
讹诈,5
厄运,3
扼杀,5
恶霸,7
恶臭,5
恶毒,7
恶恶实实,7
恶感,3
恶贯满盈,8
恶贯已盈,9
恶棍,9
恶行,8
恶狠狠,7
恶化,8
恶疾,5
恶籍盈指,9
恶居下流,7
恶浪,7
恶劣,7
恶骂,7
恶名,5
恶魔,7
恶念,7
恶气,1
恶人,7
恶煞,7
恶煞煞,7
恶声,5
恶声恶气,5
恶湿居下,3
恶俗,5
恶习,5
恶心,5
恶性,5
恶衣恶食,7
恶意,7
恶语,5
恶语中伤,5
恶兆,3
恶直丑正,5
恶浊,7
恶紫夺朱,5
恶醉强酒,5
恶作剧,3
饿殍遍野,7
噩耗,9
噩梦,5
噩运,3
鳄鱼眼泪,5
恩断义绝,9
恩恩怨怨,8
恩将仇报,5
儿皇帝,9
儿女情长,3
儿戏,7
尔虞我诈,7
尔诈我虞,3
耳报神,5
耳边风,7
耳软心活,5
耳食之谈,3
耳视目食,5
二缶锺惑,5
二流,3
二奶,3
二三其德,3
二竖之顽,5
二五眼,7
二心,7
二心两意,5
贰臣,3
发飙,5
发痴,3
发怵,5
发疯,3
发横,3
发狂,3
发牢骚,3
发腻,3
发傻,3
发怔,3
发指,7
发指眦裂,9
发作,8
乏货,3
乏味,3
伐功矜能,5
伐性之斧,9
伐异党同,7
罚不当罪,3
罚款,8
罚则,8
法盲,5
翻版,1
翻翻覆覆,3
翻黄倒皁,5
翻悔,1
翻来覆去,5
翻手云覆手雨,5
翻天,3
翻云覆雨,5
凡才浅识,5
凡夫俗子,3
凡偶近器,5
凡俗,7
烦愁,5
烦乱,9
烦腻,5
烦扰,9
烦冗,1
烦神,5
烦琐,3
烦文缛礼,5
烦嚣,3
烦言,1
烦厌,7
烦杂,1
烦燥,9
烦躁,9
樊笼,3
繁复,5
繁乱,3
繁冗,3
繁缛,5
繁琐,3
繁文缛节　,5
繁芜,5
繁杂,3
反侧,3
反常,1
反唇相讥,3
反唇相稽,6
反动,5
反复无常,3
反感,3
反革命,5
反躬自省,7
反悔,1
反面无情,5
反目,3
反目成仇,8
反目无情,7
反派,3
反裘负刍,5
反裘负当,5
反裘负薪,5
反裘伤皮,5
反社会,9
反诬,5
反眼不识,7
反咬,5
犯病,8
犯怵,3
犯错,8
犯法,5
犯规,3
犯红眼病,5
犯急,5
犯忌,5
犯贱,7
犯禁,5
犯难,5
犯傻,3
犯上作乱,5
犯疑心病,1
犯罪,5
犯罪团伙,8
饭坑酒囊,7
饭来开口,5
饭来张口,3
饭囊,7
饭囊酒甕,5
饭囊衣架,5
饭糗茹草,1
饭桶,7
泛泛而谈,7
泛滥,5
泛滥成灾,9
贩毒,5
贩黄,3
贩交买名,5
方便之门,3
方寸已乱,5
方底圆盖,3
方巾气,3
方枘圆凿,3
方头不劣,5
方头不律,5
妨碍,3
妨功害能,5
妨害,3
仿冒,1
放诞,9
放诞风流,5
放荡,5
放荡不羁,9
放刁,5
放刁把滥,5
放刁撒泼,5
放毒,5
放饭流歠,9
放虎归山,5
放虎自卫,7
放火,5
放浪,5
放浪江湖,3
放浪形骸,5
放辟邪侈,9
放辟淫侈,7
放僻邪侈,7
放僻淫佚,7
放泼撒豪,5
放任,3
放任自流,5
放肆,3
放恣,5
放纵,5
飞短流长,5
飞蛾赴火,3
飞来横祸,3
飞流短长,5
飞谋钓谤,5
飞谋荐谤,7
飞言醋语,3
飞殃走祸,5
飞扬跋扈,3
飞语,5
飞灾横祸,5
飞贼,3
非法,8
非分,5
非分之想,3
非礼,5
非驴非马,5
非难,5
非人,9
非我族类，其心必异,7
非笑,5
非刑,7
非言非语,8
非议,5
非意相干,5
肥肠满脑,5
肥马轻裘,3
肥头大耳,5
匪帮,5
匪盗,7
匪患,5
匪祸,5
匪首,7
匪徒,7
匪穴,5
诽谤,7
悱恻,5
吠形吠声,3
吠影吠声,5
废话,5
废话连篇,5
废旧,1
废然,5
废人,5
废书而叹,7
废物,8
沸反盈天,7
沸沸扬扬,3
费工夫,5
费尽心机,3
费精神,5
费神,5
费时,5
分崩离析,5
分毫不值,9
分化瓦解,5
分斤掰两,5
分斤拨两,5
分金掰两,5
分情破爱,5
分文不名,1
分文不直,9
分文不值,5
分星拨两,5
分赃,5
纷乱,5
纷扰,5
纷杂,3
坟头上的乌鸦－人人憎,5
焚花之论,5
焚林而猎,7
焚林而狩,5
焚林而田,5
焚林而畋,5
焚林竭泽,5
焚琴鬻鹤,7
焚琴煮鹤,7
焚书坑儒,7
焚薮而田,7
粉饰,3
粉饰太平,5
忿忿不平,5
偾事,3
粪土,5
粪土不如,7
愤愤,5
愤懑,5
愤然作色,5
愤世嫉俗,5
丰墙墝下,5
丰墙峭阯,5
风餐露宿,5
风车云马,5
风花雪月,5
风鬟雨鬓,5
风流罪过,5
风言醋语,5
风言风语,3
风言影语,3
风雨晦暝,5
风雨如磐,5
封官许愿,5
封胡羯末,5
封己守残,5
封建,3
封豕长蛇,7
封豨修蛇,7
封豨脩蛇,7
疯话,3
疯狂,7
烽鼓不息,5
烽火连天,5
锋芒逼人,7
锋芒必露,5
锋芒毕露,1
锋芒不露,5
逢迎,3
讽刺,1
凤毛鸡胆,7
奉承,3
奉行故事,3
奉头鼠窜,7
奉迎,3
佛口蛇心,7
夫子,3
夫子自道,5
肤泛,3
肤见謭识,5
肤末支离,5
肤皮潦草,7
肤浅,7
肤粟股栗,9
敷衍,5
敷衍了事,5
敷衍塞责,5
敷衍搪塞,5
伏低做小,3
扶东倒西,5
扶墙摸壁,5
拂逆,3
拂意,3
怫然,5
怫然作色,3
浮报,3
浮笔浪墨,5
浮词,3
浮荡,7
浮泛,7
浮光掠影,5
浮光略影,5
浮花浪蕊,5
浮华,1
浮滑,3
浮夸,3
浮礼,1
浮皮蹭痒,7
浮皮潦草,5
浮漂,1
浮浅,5
浮生若梦,5
浮石沉木,5
浮石沈木,5
浮收勒索,7
浮收勒折,7
浮头滑脑,7
浮艳,3
浮语虚词,5
浮云蔽日,9
浮躁,5
艴然不悦,3
福善祸淫,5
福无双至,7
抚髀兴叹,3
抚心自问,7
俯首帖耳,3
俯首听命,5
俯仰随人,7
俯仰由人,3
釜中生鱼,1
腐败,8
腐败堕落,9
腐臭,9
腐恶,7
腐化堕落,9
腐旧,7
腐蚀,1
腐朽,7
腐朽没落,9
付诸东流,7
负才傲物,7
负才任气,7
负才使气,7
负材矜地,7
负材任气,7
负德背义,9
负德孤恩,9
负地矜才,7
负恩背义,9
负恩忘义,9
负面,3
负气,1
负气斗狠,9
负屈,5
负俗之累,5
负心,5
负薪救火,5
负薪之忧　,5
负义忘恩,9
负隅,3
负隅顽抗,5
负约,3
妇姑勃谿,7
妇人醇酒,7
妇人之仁,7
附凤攀龙,7
附肤落毛,7
附会,5
附会穿凿,5
附骥,5
附骥名彰,5
附骥攀鸿,5
附骥攀鳞,7
附骥尾,5
附逆,7
附膻逐腥,3
附声吠影,7
附势趋炎,5
附炎趋热,5
附翼攀鳞,7
附影附声,7
附庸,3
附庸风雅,5
附赘县疣,7
附赘悬肬,7
附赘悬疣,5
复蹈前辄,3
复辟,1
富贵骄人,5
腹背受敌,7
腹诽心谤,5
腹心之疾,7
腹有鳞甲,5
覆巢无完卵,7
覆雨翻云,5
覆辙,5
该死,7
改窜,7
盖不由己,3
肝肠寸断,9
肝髓流野,9
杆子,3
赶尽杀绝,7
敢怒不敢言,5
感旧之哀,7
感情用事,7
干巴,3
干巴巴,3
干瘪,5
干瘪瘪,1
干干巴巴,1
干号,3
干名采誉,5
干扰,3
干涉,3
刚愎,5
刚愎自用,7
刚戾自用,9
纲纪废弛,9
高傲,5
高不成，低不就,3
高不成低不就,3
高车驷马,5
高高在上,7
高慢,7
高睨大谈,7
高鸟尽良弓藏,7
高视阔步,5
高抬贵手,5
高谈大论,7
高谈阔论,5
高谈虚论,7
高下在口,7
高阳酒徒,5
高姿态,5
高自标誉,7
高自标置,5
膏脣贩舌,7
膏脣岐舌,7
膏脣拭舌,7
膏粱子弟,7
搞鬼,3
槁形灰心,5
告吹,5
告负,5
告密,5
告朔饩羊,5
疙里疙瘩,5
割裂,3
歌舞升平,3
格格不入,3
格於成例,7
隔岸观火,7
隔壁撺椽,5
隔皮断货,7
隔墙有耳,3
隔屋撺椽,5
隔靴爬痒,5
隔靴搔痒,5
隔靴抓痒,5
各不相谋,5
各持己见,5
各从其志,3
各行其是,5
各人自扫门前雪，莫管他家瓦上霜,5
各人自扫门前雪，莫管他人瓦上霜,5
各为其主,5
各自为政,5
根蟠节错,7
根深蒂固,3
耿耿于怀,3
绠短汲深,3
梗顽不化,7
弓影杯蛇,5
公报私仇,5
公报私雠,5
公敌,9
公然,5
公子哥儿,3
功成骨枯,7
功亏一篑,7
攻讦,3
攻其一点，不及其余,5
攻其一点，不及其馀,5
攻守同盟,5
恭惟,3
恭维,1
巩固,7
拱手让人,5
拱手听命,5
勾搭,3
勾当,5
勾结,3
勾连,3
勾通,3
勾心斗角,7
勾引,1
钩深图远,7
钩心斗角,3
钩章棘句,3
钩爪锯牙,9
苟安,7
苟合,5
苟合取容,5
苟活,3
苟且,7
苟且偷安,5
苟延残喘,1
狗傍人势,7
狗逮老鼠,7
狗党狐朋,7
狗党狐群,7
狗盗鸡鸣,7
狗盗鸡啼,7
狗盗鼠窃,7
狗东西,7
狗肺狼心,9
狗苟蝇营,9
狗行狼心,9
狗急跳墙,5
狗口里生不出象牙,9
狗口里吐不出象牙,9
狗拿耗子,7
狗屁,7
狗屁不通,5
狗偷鼠窃,7
狗头军师,5
狗头鼠脑,7
狗腿子,7
狗尾貂续,7
狗尾续貂,3
狗心狗行,9
狗熊,7
狗续貂尾,5
狗续侯冠,5
狗续金貂,7
狗血喷头,7
狗眼看人,9
狗咬吕洞宾,7
狗崽子,7
狗仗官势,9
狗仗人势,7
狗彘不如,9
狗彘不若,9
狗追耗子,7
狗走狐淫,9
狗嘴里吐,8
狗嘴里吐不出象牙,3
构陷,5
诟病,8
诟骂,5
够戗,5
够呛,3
够受的,6
沽激虚名,5
沽名,7
沽名吊誉,7
沽名钓誉,7
沽名干誉,7
沽名卖直,7
沽名要誉,7
沽誉钓名,7
沽誉买直,7
孤傲,7
孤俦寡匹,5
孤雏腐鼠,5
孤雌寡鹤,5
孤单单,5
孤恩负德,7
孤恩负义,9
孤兒寡妇,7
孤芳自赏,7
孤负,3
孤高自诩,5
孤孤单单,7
孤寡,7
孤行,3
孤行吊影,5
孤行几见,5
孤行己见,5
孤行一意,9
孤行已见,5
孤魂野鬼,7
孤苦仃俜,7
孤立无助,7
孤陋寡闻,7
孤鸾照镜,7
孤僻,1
孤豚腐鼠,5
孤形吊影,5
孤悬客寄,5
姑宽,5
姑妄听之,5
姑息,5
姑息养奸,7
辜恩背义,7
辜恩负义,9
辜负,3
古奥,3
古板,3
古董,5
古怪,3
古里古怪,3
谷贱伤农,5
股匪,3
骨董,5
骨鲠在喉,7
骨肉未寒,5
骨肉相残,7
骨软筋麻,7
骨瘦如柴,5
骨瘦形销,7
骨腾肉飞,5
蛊惑,7
蛊惑人心,5
鼓吹,7
鼓脣弄舌,7
鼓脣摇舌,5
鼓脣咋舌,5
鼓动,1
鼓腹而游,5
鼓睛暴眼,7
鼓脑争头,5
鼓馁旗靡,5
鼓舌,7
鼓舌掀簧,5
鼓舌摇脣,7
鼓吻奋爪,7
鼓眼努睛,5
鼓噪而起,5
鹘仑吞枣,5
鹘突,6
瞽言妄举,5
固步自封,5
固守,1
固执,5
固执成见,5
固执己见,5
固执已见,5
故步自封,5
故步自画,5
故伎重演,7
故技重施,3
故技重演,3
故家乔木,5
故弄虚玄,5
故弄玄虚,5
故甚其词,5
故态复还,5
故态复萌,5
故纸堆,1
故作高深,5
故作玄虚,5
顾此失彼,3
顾而言他,5
顾后瞻前,5
顾忌,5
顾景惭形,5
顾虑重重,5
顾盼自豪,5
顾盼自雄,7
顾前不顾后,3
顾犬补牢,5
顾头不顾尾,5
顾小失大,5
顾影弄姿,5
顾影自怜,7
顾左右而言他,5
瓜垢磨痕,5
瓜蔓抄,7
呱哒,3
呱嗒,3
刮地皮,3
刮垢磨光,5
刮野扫地,5
寡不敌众,5
寡淡,3
寡断,7
寡见少闻,3
寡了叭叽,7
寡廉鲜耻,5
寡情,7
寡情薄意,5
寡头,3
寡味,7
寡闻少见,5
寡言,1
寡言少语,3
挂名,1
挂羊头，卖狗肉,5
挂羊头卖狗肉,7
挂一漏万,1
乖脣蜜舌,5
乖刺,5
乖剌,7
乖戾,5
乖谬,7
乖僻,5
乖张,5
拐带,5
拐卖,5
拐弯抹角,3
拐子,5
怪诞,3
怪诞不经,9
怪话,7
怪里怪气,7
怪模怪样,3
怪癖,1
怪僻,1
怪声怪气,5
怪形怪状,5
怪异,1
怪雨盲风,5
关碍,3
观场矮人,7
观眉说眼,5
观望不前,5
官报私仇,9
官偪民反,7
官逼民反,7
官场,3
官倒,5
官官相护,5
官官相为,7
官官相卫,7
官话,2
官僚,5
官僚主义,7
官迷,5
官气,5
官腔,5
官情纸薄,7
官商勾结,8
官样文章,5
棺材老板咬牙－恨不死人,3
管见,4
管见所及,5
管窥筐举,5
管窥蠡测,5
管窥所及,1
管窥之见,5
管理不善,8
管理漏洞,8
管中窥豹,7
贯盈恶稔,9
冠屦倒施,5
冠履倒易,5
冠履倒置,5
冠冕堂皇,5
冠上加冠,5
惯犯,7
惯愤不平,9
惯技,5
惯家,3
惯窃,5
惯偷,5
惯贼,5
惯纵,5
灌夫骂坐,5
光蛋,3
光棍,7
光秃秃,1
广种薄收,5
逛荡,1
归心如箭,7
归罪,3
龟冷支床,5
龟毛兔角,7
龟缩,7
龟玉毁椟,7
规行矩步,5
规行矩止,5
规求无度,5
规求元度,7
佹形僪状,5
诡诞,3
诡诞不经,7
诡计,7
诡计多端,9
诡谲,7
诡秘,5
诡衔窃辔,1
诡形奇制,7
诡雅异俗,7
诡言浮说,5
诡诈,7
鬼鬼祟祟,5
鬼话,3
鬼话连篇,5
鬼混,5
鬼计百端,7
鬼计多端,7
鬼瞰高明,5
鬼瞰其室,7
鬼哭狼嗥,9
鬼哭神愁,5
鬼哭神嚎,9
鬼哭神号,9
鬼哭神惊,9
鬼哭天愁,9
鬼烂神焦,9
鬼魅,3
鬼魅伎俩,9
鬼迷心窍,7
鬼魔,9
鬼怕恶人,7
鬼泣神嚎,9
鬼泣神号,9
鬼祟,7
鬼胎,5
鬼头鬼脑,3
鬼头滑脑,5
鬼物,5
鬼蜮,7
鬼蜮伎俩,9
鬼蜮技俩,7
鬼吒狼嚎,7
鬼抓狼嚎,9
鬼子,7
刿鉥肝肾,9
刿鉥心腑,9
刿心刳肺,7
刿心刳腹,7
刿心鉥肾,9
贵不期骄,3
贵不召骄,5
贵耳贱目,3
贵古贱今,5
贵人多忘,5
贵人多忘事,5
贵少贱老,5
贵远鄙近,5
贵远贱近,7
贵壮贱老,5
贵壮贱弱,5
衮衮诸公,5
滚出去,9
滚蛋,5
聒耳,1
国步艰难,7
国耻,9
国贼,9
果于自信,3
裹乱,5
裹足不前,5
过错,3
过当,3
过度,3
过分,3
过河拆桥,5
过激,7
过街老鼠,5
过量生产,8
过敏,3
过气,5
过桥拆桥,5
过桥抽板,9
过甚其词,5
过甚其辞,5
过剩,8
过失,3
过时,1
过头,3
过屠大嚼,7
过犹不及,5
哈巴狗,7
哈哈儿,3
还珠买椟,5
海盗,5
海底捞月,5
海底捞针,5
海匪,3
海阔天高,5
海难,3
海市蜃楼,7
海水群飞,9
海中捞月,5
亥豕相望,5
骇目惊心,9
骇然失色,9
骇人视听,7
骇人闻见,7
骇人闻听,9
骇心动目,9
骇状殊形,5
害处,1
害群之马,7
害人,7
害人不浅,7
害人虫,7
酣歌恆舞,5
酣歌醉舞,5
邯郸匍匐,7
邯郸学步,5
含悲,3
含垢藏疾,7
含垢藏瑕,7
含垢纳污,7
含垢弃瑕,7
含含糊糊,5
含含混混,5
含糊不清,5
含糊其词,5
含糊其辞,5
含混,3
含混不清,5
含沙射影,1
含血喷人,8
含血潠人,9
含血噀人,7
含牙带角,5
含牙戴角,5
含冤,5
含冤受屈,7
函矢相攻,5
韩卢逐块,5
韩卢逐逡,7
韩寿分香,5
韩寿偷香,7
寒伧,7
寒碜,7
寒腹短识,7
寒心酸鼻,7
寒心消志,5
寒心销志,5
汉奸,5
汗颜,5
旱魃为虐,3
悍妇,5
悍然,5
悍然不顾,7
憾事,1
行不从径,5
行不副言,5
行成于思,7
行贿,5
行奸卖俏,9
行将就木,3
行径,5
行若狗彘,7
行色匆匆,3
行尸走骨,9
行尸走肉,7
行同狗彘,7
行为不端,9
行为不检,9
行凶,7
行浊言清,9
沆瀣一气,7
蒿目时艰,3
毫不客气,5
毫不留情,5
毫厘千里,7
毫釐千里,7
毫无根据,8
毫无用处,9
豪侈,5
豪夺,7
豪夺巧取,7
豪干暴取,7
豪横,3
豪末不掇，将成斧柯,5
豪取智笼,7
豪绅,1
好吃懒做,5
好大喜功,7
好歹不分,5
好戴高帽,5
好丹非素,3
好高务远,7
好高骛远,5
好高鹜远,7
好行小惠,5
好行小慧,5
好好先生,3
好肉剜疮,5
好色,7
好色之徒,7
好胜,3
好事,5
好为人师,5
好笑,5
好佚恶劳,7
好逸恶劳,7
好战,3
好自矜夸,5
好自为之,5
诃佛诋巫,5
呵叱,5
呵斥,3
呵佛骂祖,7
喝斥,5
合眼摸象,5
何去何从,7
何所不为,5
何所不至,7
和光同尘,8
河东狮吼,3
河东狮子,5
河东狮子吼,7
河决鱼烂,9
河门海口,5
河清海竭,5
河水不犯井水,5
河蟹,5
荷荷,5
核查,8
核讹诈政策,5
涸泽而渔,7
鹤背扬州,7
鹤短凫长,5
鹤困鸡群,5
鹤唳风声,7
鹤膝蜂腰,5
黑暗,7
黑白混淆,7
黑帮,5
黑不溜秋,3
黑车,8
黑道,5
黑灯瞎火,5
黑地昏天,9
黑店,3
黑洞洞,3
黑风孽海,7
黑乎乎,1
黑金,3
黑蒙蒙,3
黑幕,3
黑漆寥光,3
黑漆皮灯,5
黑漆皮灯笼,7
黑钱,3
黑枪,5
黑黢黢,5
黑哨,1
黑市,1
黑手,3
黑窝,3
黑心,7
黑心肠,7
黑言诳语,5
狠毒,7
狠命,5
狠吞虎咽,3
狠心,5
横暴,5
横财,3
横冲直闯,5
横冲直撞,5
横恩滥赏,5
横赋暴敛,7
横行霸道,7
横行不法,7
横行逆施,7
横行天下,7
横行无忌,9
横行直撞,5
横行直走,5
横祸,5
横祸飞灾,5
横祸非灾,7
横加,3
横加指责,9
横科暴敛,7
横拦竖挡,5
横蛮,5
横蛮无理,7
横眉瞪目,9
横眉瞪眼,9
横眉冷目,9
横眉冷眼,9
横眉立目,9
横眉立眼,9
横眉努目,9
横眉怒视,9
横眉竖眼,5
横逆,5
横抢武夺,7
横抢硬夺,7
横僿不文,7
横三竖四,5
横三顺四,5
横生变故,8
横生波澜,8
横生枝节,3
横事,1
横挑鼻子竖挑眼,5
横拖倒扯,5
横拖倒拽,5
横拖竖拉,5
横无忌惮,7
横殃飞祸,7
横灾飞祸,7
横遮竖挡,5
横徵暴赋,7
横徵暴敛,7
横徵苛役,7
衡阳雁断,5
轰堂大笑,5
红不棱登,3
红颜薄命,5
红眼,9
红眼病,5
闳侈不经,5
洪水横流,7
洪水猛兽,7
洪灾,5
鸿都买第,7
鸿鹄将至,5
鸿雁哀鸣,5
鸿鳦满纸,5
鸿隐凤伏,5
哄弄,3
哄骗,5
哄抢,1
哄然,1
哄抬,1
哄笑,5
侯服玉食,5
侯门似海,5
喉长气短,7
后果,1
后患,1
后患无穷,5
后悔,8
后悔莫及,9
后门,1
后台,5
厚此薄彼,3
厚古薄今,5
厚脸皮,1
厚貌深情,3
厚味腊毒,7
厚颜,5
厚颜无耻,9
呼么喝六,9
呼牛呼马,7
呼牛作马,7
呼朋引类,5
呼群结党,5
呼天号地,9
呼天唤地,9
呼天叫地,9
呼昼作夜,5
忽悠,5
囫囵吞枣,5
狐奔鼠窜,5
狐不二雄,9
狐唱枭和,5
狐虎之威,7
狐假鸱张,7
狐假虎威,5
狐假虎咸,9
狐狸精,7
狐狸尾巴,7
狐埋狐搰,5
狐埋狐扬,7
狐媚,5
狐媚魇道,7
狐鸣篝火,5
狐鸣篝中,5
狐鸣狗盗,7
狐鸣枭噪,7
狐鸣鱼书,5
狐朋狗党,5
狐朋狗友,7
狐裘羔袖,3
狐裘尨茸,5
狐裘蒙戎,7
狐裘蒙茸,5
狐群狗党,5
狐兔之悲,7
狐疑,3
狐疑不决,7
狐疑未决,1
胡猜乱想,5
胡扯,1
胡行乱为,7
胡搅,5
胡搅蛮缠,5
胡拉乱扯,5
胡来,5
胡里胡涂,3
胡乱,3
胡闹,5
胡说,1
胡说八道,7
胡说白道,3
胡说乱道,5
胡思乱量,5
胡言,3
胡言乱语,3
胡支扯叶,7
胡枝扯叶,5
胡诌,1
胡诌八扯,5
胡诌乱扯,5
胡诌乱道,5
胡诌乱说,5
胡子拉茬,3
胡子拉碴,3
胡作非为,9
胡作胡为,7
胡作乱为,7
猢狲入袋,5
糊糊涂涂,3
糊里糊涂,3
糊弄局,5
糊涂,3
糊涂虫,5
虎狼,5
虎视,5
虎视眈眈,5
虎头蛇尾,5
虎尾春冰,7
虎穴,5
虎着脸,5
互相残杀,7
互相推诿,5
户天胡帝,7
护短,3
怙才骄物,7
怙恶不悛,9
怙过不悛,9
怙顽不悛,7
怙终不悔,7
怙终不悛,7
花不棱登,3
花残月缺,7
花花搭搭,3
花花公子,5
花街柳巷,7
花里胡哨,3
花枪,5
花腔,1
花拳绣腿,5
花天酒地,7
花心,3
花言巧语,5
花样,5
花招,1
花着,5
划一不二,5
华而不实,7
哗世动俗,7
哗世取宠,7
哗世取名,7
哗众取宠,7
滑泥扬波,5
滑天下之大稽,7
滑头,5
滑头滑脑,5
化公为私,7
画饼充饥,3
画地而趋,3
画地为牢,5
画蛇添足,3
画无人色,9
话柄,1
话长说短,5
话中有话,7
怀才之遇,5
怀鬼胎,3
怀恨在心,7
怀疑,8
怀着鬼胎,7
淮王鸡狗,5
坏处,3
坏蛋,7
坏东西,5
坏法乱纪,7
坏分子,5
坏话,1
坏人,5
坏人当道,7
坏事,7
坏水,3
环堵萧然,3
幻灭,5
换汤不换药,5
涣散,3
患得患失,1
豢养,5
肓干,3
荒诞,5
荒诞不经,5
荒诞派,7
荒诞无稽,9
荒废,5
荒瘠,7
荒寂,7
荒谬,5
荒谬绝伦,9
荒疏,7
荒唐,9
荒芜,1
荒淫,7
荒淫无耻,7
荒淫无道,9
荒淫无度,9
慌不择路,8
慌慌张张,3
慌恐,5
慌手慌脚,5
慌张,3
黄齑淡饭,5
黄口孺子,5
黄口小儿,1
黄口小兒,5
黄口稚子,5
黄粱梦,5
黄粱一梦,5
黄毛丫头,1
黄雀伺蝉,5
黄色,7
黄色文学,5
黄色音乐,5
黄杨厄闻,5
黄钟毁弃，瓦釜雷鸣,5
惶惶,7
惶惶然,3
惶遽,7
惶然,7
惶然不安,5
惶悚,7
潢池盗弄,5
簧鼓,5
簧舌,5
晃悠悠,3
谎报,3
谎称,8
谎话,3
谎言,3
幌子,5
灰不溜丢,5
灰容土貌,7
灰头灰脸,7
灰头土脸儿,3
挥霍,5
挥霍无度,9
挥金如土,9
恢诡谲怪,5
回肠九转,9
回光反照,5
回寒倒冷,5
回护,3
回黄转绿,3
回天乏术,9
悔不当初,9
悔不该,7
悔过,7
悔之不及,5
毁谤,3
毁方投圆,5
毁害,5
毁坏,3
毁弃,3
毁伤,3
毁损,3
毁于一旦,7
毁誉,5
毁约,1
毁钟为铎,7
讳恶不悛,7
讳疾忌医,5
诲尔谆谆，听我藐藐,5
诲奸导淫,5
诲淫诲盗,5
贿货公行,7
贿赂,3
贿赂公行,5
贿选,3
晦暗,7
晦冥,7
晦暝,7
晦气,3
晦涩,3
秽行,5
秽迹,5
秽乱,9
秽气,5
秽闻,5
秽亵,9
秽语,5
喙长三尺,5
蟪蛄不知春秋,5
昏黑,3
昏君,7
昏愦,9
昏聩,7
昏乱,5
昏昧,9
昏天暗地,5
昏天黑地,7
昏头昏脑,7
昏庸,7
婚外,5
浑蛋,5
浑噩,9
浑浑沌沌,5
浑浑噩噩,9
浑浑沈沈,5
浑抡吞枣,5
浑沦吞枣,5
浑然无知,3
浑水摸鱼,1
浑俗和光,5
浑头浑脑,5
混蛋,7
混噩,5
混混沌沌,9
混混噩噩,5
混混儿,5
混乱,8
混世魔王,7
混事,1
混水捞鱼,5
混水摸鱼,5
混说,1
混为一谈,3
混淆不清,3
混淆黑白,5
混淆是非,5
混帐,5
混账,5
混作一谈,5
魂不赴体,5
魂不守舍,7
魂飞胆颤,9
活剥生吞,5
活地狱,5
活罪,5
火急火燎,5
火妻灰子,9
火上加油,5
火上浇油,7
火上添油,5
火头上,5
火性,1
货赂公行,7
货色,5
获刑,8
祸从口出,7
祸从天降,9
祸福无门,7
祸根,5
祸国殃民,7
祸患,3
祸乱,1
祸起萧墙,5
祸稔恶积,9
祸事,3
祸首,5
祸水,7
祸胎,9
祸心,5
惑乱,5
惑人耳目,3
讥讽,1
讥诮,5
讥笑,5
击排冒没,5
饥肠辘辘,7
饥附饱扬,9
饥寒交迫,3
机关算尽,7
机关用尽,7
机心,5
机心械肠,5
鸡肠狗肚,9
鸡蛋里挑骨头,3
鸡飞蛋打,7
鸡飞狗叫,7
鸡飞狗跳,7
鸡飞狗走,7
鸡肋,5
鸡零狗碎,7
鸡毛蒜皮,5
鸡鸣狗盗,5
鸡鸣狗吠,9
鸡皮鹤发,3
鸡犬升天,7
鸡犬昇天,7
鸡鹜争食,5
鸡胸龟背,3
鸡争鹅斗,5
积弊,7
积毁销骨,7
积羽沉舟,7
积郁,5
积重难返,7
畸变,8
激进,1
激怒,8
及宾有鱼,5
及时行乐,5
吉网罗钳,5
岌岌不可终日,7
岌岌可危,7
极恶不赦,9
极恶穷凶,9
极情纵欲,7
极权,3
极武穷兵,5
极重不反,7
极重难返,7
即即世世,3
即鹿无虞,5
佶屈聱牙,3
亟疾苛察,7
急巴巴,7
急公好义,3
急功近利,9
急功近名,5
急攻尽利,5
急急巴巴,7
急就章,1
急来抱佛脚,3
急敛暴徵,7
急如风火,3
急死,7
急眼,5
急于求成,7
急躁,5
急转直下,5
疾恶如仇,9
疾首蹙额,7
棘手,5
集矢之的,7
集体辞职,8
嫉妒,7
嫉恶如仇,7
嫉贤傲士,5
嫉贤妒能,1
几不欲生,9
挤对,3
挤眉弄眼,3
挤轧,5
挤占,3
戟指怒目,7
计功谋利,5
计较锱铢,7
计穷途拙,7
记仇,5
记恨,3
伎俩,3
纪律处分,8
哜哜嘈嘈,5
既有今日，何必当初,7
觊觎,5
寄人篱下,3
寄人檐下,5
寄生虫,3
寂天寞地,3
加塞儿,7
加膝坠泉,5
加膝坠渊,5
加油加醋,3
挟冰求温,5
挟持,7
挟权倚势,5
挟势弄权,5
挟天子以令诸侯,9
挟细拿粗,5
挟长挟贵,5
挟制,7
枷锁,5
家丑,3
家道壁立,3
家破人亡,9
家无担石,5
家贼,3
夹带,1
夹七夹八,7
夹枪带棒,3
夹枪带棍,8
夹生,5
夹生饭,3
戛釜撞甕,5
假充,3
假大空,9
假道学,7
假公济私,7
假公营私,5
假虎张威,5
假劣,3
假冒,5
假冒伪劣,3
假眉三道,5
假门假氏,5
假门假事,5
假面具,7
假模假式,7
假撇清,5
假球,1
假仁假义,9
假手,3
假托,3
假相,3
假惺惺,5
假意,5
假誉驰声,5
假造,3
假正经,7
假装神圣,9
架谎凿空,7
嫁祸,5
嫁祸于人,5
尖刻,5
尖酸,7
尖酸刻薄,5
尖言冷语,5
尖嘴薄舌,5
尖嘴猴腮,7
奸臣,7
奸恶,9
奸妇,7
奸宄,7
奸猾,7
奸滑,7
奸佞,9
奸人,7
奸商,5
奸徒,5
奸细,5
奸险,9
奸笑,7
奸邪,9
奸贼,7
奸诈,9
坚额健舌,5
艰难竭蹶,5
监守自盗,7
缄口藏舌,3
煎水作冰,5
拣佛烧香,9
拣精拣肥,7
俭不中礼,5
减师半德,5
简陋,3
简慢,3
见不得人,9
见财起意,5
见弹求鹗,5
见弹求鸮,5
见风使船,5
见风使舵,7
见风使帆,5
见风是雨,5
见风转舵,7
见风转篷,5
见利忘义,7
见钱眼红,5
见钱眼开,7
见神见鬼,5
见识短浅,5
见豕负涂,5
见事风生,5
见事生风,5
见死不救,7
见小闇大,5
见笑大方,5
见噎废食,5
见异思迁,7
见异思迂,9
贱骨头,7
贱货,9
贱目贵耳,5
贱人,5
贱视,3
剑戟森森,5
谏尸谤屠,5
践规踏矩,5
践踏,9
鉴貌辨色,3
江河日下,3
江湖骗子,5
江郎才尽,5
江郎才掩,5
江流日下,5
江山好改，本性难移,5
江山好改，秉性难移,5
江山易改，本性难移,3
江山易改，秉性难移,5
江山易改，禀性难移,5
江淹才尽,5
江淹梦笔,5
江洋大盗,7
将天就地,5
将无作有,5
将无做有,5
将虾钓鳖,5
将信将疑,7
浆酒霍肉,9
浆酒藿肉,5
僵化,3
降本流末,5
降格以求,3
降贵纡尊,1
降心顺俗,5
降心相从,3
降志辱身,5
交臂失之,5
交臂相失,5
交恶,5
交际花,7
交詈聚唾,5
交头接耳,3
郊寒岛瘦,5
浇薄,7
浇淳散朴,5
浇醇散朴,5
浇漓,7
娇宠,7
娇滴滴,7
娇惯,5
娇贵,1
娇气,3
娇生惯养,5
娇养,5
娇纵,7
骄傲,5
骄傲自满,5
骄兵必败,5
骄侈暴佚,9
骄侈淫虐,5
骄横,5
骄蹇,7
骄矜,7
骄慢,3
骄气,5
骄奢放逸,5
骄奢淫佚,5
骄奢淫泆,5
骄奢淫逸,9
骄生惯养,5
骄泰淫泆,5
骄佚奢淫,7
骄躁,5
骄纵,5
胶柱鼓瑟,3
胶柱调瑟,5
椒焚桂折,5
焦愁,5
焦脣敝舌,5
焦脣乾肺,5
焦脣乾舌,5
焦金流石,5
焦枯,3
焦眉愁眼,5
焦眉苦脸,5
焦眉皱眼,5
焦思苦虑,5
焦头烂额,9
焦躁,9
僬侥,5
燋头烂额,5
嚼穿龈血,9
嚼舌,3
角户分门,5
角巾私第,5
挢抂过正,5
挢揉造作,5
狡辩,5
狡猾,5
狡滑,1
狡计,5
狡计多端,7
狡狯,3
狡赖,5
狡兔三窟,5
狡兔死，良狗烹,9
狡黠,3
狡焉思逞,5
狡焉思启,5
狡焉思肆,5
狡诈,5
绞杀,7
绞杀战,7
绞手,7
矫情,3
矫情造作,7
矫揉造作,7
矫饰,3
矫枉过正,5
脚高步低,3
脚忙手乱,5
脚踏两只船,5
搅和,7
搅局,3
剿说,3
剿袭,7
叫化子过瘾－讨厌,3
叫嚣,1
觉人觉世,1
教猱升木,5
教唆,3
教唆犯,7
教条,5
教条主义,7
阶段分化,5
阶级异己分子,7
揭箧担囊,5
揭箧探囊,5
嗟悔无及,7
嗟来之食,5
街号巷哭,9
节节败退,5
节外生枝,5
劫持,5
劫夺,7
劫掠,7
诘诎聱牙,5
诘屈磝碻,5
诘屈聱牙,5
诘屈謷牙,5
诘曲聱牙,5
拮据,9
结党营私,9
结核杆菌,5
结伙,3
结驷连骑,9
结驷联骑,9
桀敖不驯,5
桀傲不恭,5
桀傲不驯,5
桀骜不恭,5
桀骜不驯,5
桀骜不逊,5
桀骜难驯,5
桀骜自恃,5
桀犬吠尧,7
桀贪骜诈,5
桀黠,7
桀纣,7
截鹤续凫,5
截胫剖心,5
截趾適履,5
竭泽而渔,7
解雇,8
解衣包火,5
解衣抱火,5
芥蒂,1
借刀杀人,3
借端,5
借公行私,5
借故,5
借交报仇,5
借口,5
借面吊丧,5
借题发挥,5
斤斤,3
斤斤计较,7
斤斤较量,5
斤斤自守,5
今朝有酒今朝醉,3
今仇古恨,5
今是昨非,3
今月古月,5
金本位制,7
金钗换酒,5
金貂换酒,5
金枷玉锁,5
金尽裘敝,5
金口玉言,3
金迷纸醉,9
金瓶落井,5
金屋藏娇,3
金玉其外，败絮其中,9
矜才使气,5
矜功伐能,7
矜功伐善,7
矜功自伐,9
矜夸,3
筋疲力尽,7
锦衣玉食,5
谨小慎微,1
尽付东流,5
进谗,3
进寸退尺,5
进道若踡,5
进道若退,5
进犯,3
进禄加官,5
进锐退速,5
进退跋疐,5
进退触篱,5
进退狐疑,5
进退狼狈,5
进退两端,5
进退路穷,5
进退失措,5
进退失所,5
进退失图,5
进退首鼠,5
进退双难,5
进退亡据,5
进退惟谷,5
进退维亟,5
进退维艰,5
进退无措,5
进退无据,5
进退无所,5
进退无途,5
进退无依,5
进退迍邅,5
晋惠闻蛙,5
禁锢,3
经济损失,8
经心,5
经验不足,7
荆棘满途,5
荆棘铜驼,5
荆棘载途,7
荆室蓬户,3
荆天棘地,5
惊弓之鸟,7
惊慌,8
惊慌失色,5
惊慌无措,5
惊皇失措,7
惊惶失措,5
惊惶无措,5
惊魂动魄,5
惊魂夺魄,5
惊魂丧魄,5
惊魂摄魄,5
惊群动众,5
惊肉生髀,5
惊神破胆,9
惊弦之鸟,5
惊心褫魄,5
惊心悼胆,8
惊心吊胆,5
惊心夺目,5
惊心骇目,5
惊心骇神,5
惊心裂胆,5
惊心破胆,5
惊心丧魄,5
惊心眩目,5
精疲力竭,7
精神病,3
精神不振,5
鲸吞虎噬,5
鲸吞蛇噬,5
井底捞月,5
井底鸣蛙,5
井底虾蟆,7
井底之蛙,5
井管拘墟,5
井中视星,3
胫大於股,5
敬而远之,5
敬贺,5
敬小慎微,5
靖言庸回,5
靖言庸违,5
静言令色,5
静言庸违,5
镜分鸾凤,5
镜花水月,5
镜里采花,5
镜里观花,5
窘境,8
纠缠,5
纠合,5
纠集,5
鸠夺鹊巢,5
鸠僭鹊巢,5
鸠居鹊巢,5
鸠形鹄面,3
鸠占鹊巢,7
鸠佔鹊巢,5
九关虎豹,5
九阍虎豹,5
九仞一篑,7
九世之仇,9
九尾狐,5
九霄云外,5
久假不归,5
久束湿薪,5
酒病花愁,5
酒池肉林,9
酒地花天,5
酒鬼,3
酒后之勇,5
酒绿灯红,5
酒囊饭包,7
酒囊饭袋,5
酒肉朋友,3
酒肉兄弟,5
酒色财气,5
酒色之徒,5
酒食征逐,7
酒食征逐　,5
酒食徵逐,5
酒甕饭囊,5
旧愁新恨,7
旧凋重弹,7
旧恨新仇,7
咎由自取,7
救火投薪,5
救经引足,5
救燎助薪,5
就事论事,3
就着猪肉吃油条－腻透了,3
拘板,3
拘礼,3
拘留,8
拘挛补衲,5
拘泥,3
拘牵,1
拘文牵义,5
拘囿,1
拘执,1
居高不下,1
居功自傲,5
居功自持,5
居利思义,5
居心,5
居心不良,7
居心叵测,5
鞠为茂草,3
局地扣天,5
局高蹐厚,7
局骗,3
局天蹐地,3
局天扣地,5
跼高蹐厚,7
跼高天蹐厚地,5
跼天促地,5
跼天蹐地,5
橘化为枳,7
沮丧,8
举报,8
举措失当,3
举鼎绝膑,5
举一废百,5
踽踽独行,7
拒虎进狼,5
拒谏饰非,9
拒人千里,7
拒人于千里之外,7
倨傲,7
剧毒,7
据高临下,5
据图刎首,5
据为己有,5
据义履方,5
距人千里,3
锯牙钩爪,9
聚敛,5
聚敛无厌,7
聚讼纷纭,7
踞炉炭上,7
屦贱踊贵,3
捐本逐末,3
捐残去杀,5
镌空妄实,5
卷逃,5
卷土重来,3
卷席而居,7
卷席而葬,7
倦怠,3
倦尾赤色,9
狷急,3
撅坑撅堑,9
撧耳顿足,7
撧耳揉腮,9
决一雌雄,1
决一死战,3
决疣溃痈,9
抉目东门,7
抉目吴门,7
抉目胥门,7
抉目悬门,7
抉瑕摘釁,7
绝望,8
厥词,3
谲诈,7
橛守成规,3
攫取,7
倔强倨傲,5
倔头倔脑,5
倔头强脑,3
麇骇雉伏,9
开了锁的猴子－得意忘形,5
开锣喝道,3
开门延盗,5
开门揖盗,7
开柙出虎,7
开小差,7
开心,3
揩油,5
坎井之蛙,5
埳井之蛙,3
槛花笼鹤,5
看扁,5
看不惯,1
看不开,3
看不上,3
看财奴,5
看淡,5
看低,3
看风使舵,5
看轻,1
看人行事,3
看人眉睫,5
慷慨悲歌,7
慷慨激烈,7
糠菜半年粮,3
糠豆不赡,3
亢心憍气,3
抗尘走俗,7
抗议,5
靠不住,5
苛待,3
苛捐杂税,7
苛刻,5
苛求,3
苛杂,1
苛责,1
苛政,5
苛政猛于虎,9
科盲,1
科头跣足,5
咳声叹气,5
可鄙,7
可怖,7
可乘之机,3
可耻,5
可恶,7
可骇,9
可恨,3
可气,3
可同患，难处安,5
可笑,1
可疑,8
可憎,7
克伐怨欲,3
克扣,3
刻板,3
刻薄,7
刻毒,5
刻骨崩心,9
刻骨仇很,9
刻木为吏,7
刻舟求剑,3
课语讹言,5
课嘴撩牙,5
溘先朝露,9
坑害,3
坑坑洼洼,1
坑蒙,3
吭哧,5
硁砭之愚,5
空洞,3
空洞洞,3
空洞无聊,7
空洞无物,5
空乏,3
空泛,3
空喊,5
空耗,1
空话,1
空话连篇,7
空幻,7
空空洞洞,7
空论,3
空疏,3
空谈,9
空谈快意,5
空头,3
空头支票,5
空文,3
空想,7
空穴来风,5
空中楼阁,7
孔方兄,5
孔席墨突,3
恐怖袭击,8
恐后争先,5
恐慌万状,7
恐吓,5
控告,8
抠门儿,5
抠搜,5
抠唆,7
抠心挖血,3
抠字眼儿,5
口不应心,5
口不择言,5
口呆目钝,9
口耳相承,3
口耳相传,5
口耳之学,3
口惠,5
口惠而实不至,5
口角,3
口角春风,5
口口声声,7
口蜜腹剑,7
口轻舌薄,7
口如悬河,3
口尚乳臭,3
口舌,3
口似悬河,3
口是心非,5
口说无凭,3
口头禅,3
口头上,3
口血未干,7
口燥唇干,7
口中雌黄,5
口诛笔伐,5
口坠天花,5
叩心泣血,9
扣壶长吟,7
扣帽子,3
扣盘扪烛,5
扣槃扪烛,5
寇仇,9
刳胎焚夭,9
刳胎杀夭,7
刳脂剔膏,9
枯本竭源,5
枯寂,5
枯脑焦心,3
枯枿朽株,7
枯涩,3
枯体灰心,7
枯形灰心,9
枯朽之馀,7
枯鱼病鹤,7
枯鱼衔索,5
枯鱼之肆,5
枯燥,3
枯燥无味,7
枯株朽木,7
哭哭啼啼,7
哭闹,3
哭穷,5
哭丧着脸,5
哭笑不得,3
苦不唧,5
苦乐不均,5
苦涩,1
酷吏,5
酷烈,7
酷虐,7
酷热,3
酷刑,9
夸大,1
夸大其词,5
夸大其辞,5
夸诞,3
夸功自大,5
夸口,3
夸夸而谈,5
夸夸其谈,3
夸示,3
夸饰,3
夸耀,3
夸嘴,3
胯下蒲伏,7
郐下无讥,3
宽纵,1
款学寡闻,5
诓骗,5
恇怯不前,7
狂傲,7
狂暴,7
狂悖,9
狂荡,9
狂吠,5
狂蜂浪蝶,7
狂轰滥炸,9
狂乱,9
狂奴故态,7
狂朋怪侣,9
狂朋恠友,9
狂嫖滥赌,9
狂气,5
狂人,1
狂三诈四,7
狂妄,7
狂妄自大,9
狂言,1
狂躁,3
狂恣,9
诳时惑众,7
诳语,1
旷费,5
旷课,3
旷日持久,7
亏待,3
亏负,3
亏空,7
亏欠,7
亏心,5
窥豹一斑,1
窥间伺隙,7
窥伺,3
喟然,3
溃败,9
溃兵游勇,7
溃不成军,7
溃乱,1
溃散,7
愦乱,5
愧痛,5
困处,7
困境,7
困兽犹斗,5
困心衡虑,5
扩张,1
阔气,1
拉帮结派,3
拉大旗作虎皮,5
拉关系,1
拉后腿,5
拉饥荒,3
拉交情,5
拉近乎,5
拉拉扯扯,3
拉拉杂杂,3
拉三扯四,5
拉下脸来,3
拉杂,3
邋邋遢遢,9
邋里邋遢,9
邋遢,7
剌戾,5
辣词儿,3
辣手,7
来鸿去燕,3
来日大难,7
来者不善,7
来者不善，善者不来,7
赖皮,5
赖学,1
赖帐,7
赖账,1
癞蛤蟆想吃天鹅肉,7
癞皮狗,7
癞子,3
兰因絮果,5
谰言,1
澜倒波随,3
懒虫,5
懒怠,7
懒惰,7
懒汉,7
懒散,5
烂额焦头,7
烂人,3
烂摊子,7
烂污,7
烂账,5
烂醉如泥,7
滥竿充数,5
滥官污吏,7
滥调,3
滥用,1
滥用职权,8
滥竽充数,7
郎当,5
狼狈,3
狼狈不堪,5
狼狈万状,3
狼狈为奸,7
狼狈周章,7
狼奔豕突,7
狼奔鼠窜,5
狼奔鼠偷,5
狼奔兔脱,9
狼餐虎噬,7
狼吃幞头,7
狼蟲虎豹,9
狼顾鸱张,9
狼顾鸱跱,9
狼顾虎视,5
狼顾麕惊,9
狼顾鸢视,5
狼嗥狗叫,7
狼嗥鬼叫,7
狼嚎鬼叫,9
狼号鬼哭,9
狼藉,3
狼籍,7
狼艰狈蹶,5
狼猛蜂毒,9
狼前虎后,7
狼贪鼠窃,7
狼突鸱张,9
狼突豕窜,7
狼吞虎噬,9
狼吞虎咽,3
狼心狗肺,7
狼心狗行,7
狼烟大话,7
狼羊同饲,5
狼子兽心,7
狼子野心,3
稂莠,5
浪蝶狂蜂,5
浪蝶游蜂,5
浪费,7
浪迹浮踪,1
浪迹萍踪,5
浪子,3
捞摸,5
捞取,5
劳而无功,5
劳筋苦骨,5
劳民费财,7
劳民伤财,7
劳身焦思,3
劳师动众,5
劳师糜饷,3
劳心焦思,7
劳形苦心,3
劳役,5
牢房,3
牢笼,9
牢狱,5
老八辈子,1
老不晓事,3
老蚕作茧,5
老巢,3
老粗,5
老大难,7
老赶,5
老古董,5
老汉啃甘蔗－咬牙切齿,9
老好人,3
老狐狸,7
老虎屁股摸不得,3
老奸巨猾,5
老奸巨滑,9
老江湖,5
老辣,5
老脸,5
老谋深算,5
老牛破车,3
老派,5
老气横秋,5
老生常谈,7
老鼠过街,5
老太太吃炒胡豆－咬牙切齿,9
老态龙钟,3
老饕,3
老调,3
老调重弹,3
老顽固,5
老相,1
老一套,1
老油子,7
老于世故,3
唠叨,3
唠唠叨叨,3
涝害,3
乐昌分镜,7
乐昌破镜,7
乐祸幸灾,7
乐极悲来,5
乐极悲生,5
乐极生悲,7
乐极则悲,5
乐嗟苦咄,7
乐尽悲来,5
乐往哀来,7
乐新厌旧,5
勒逼,5
勒派,5
勒索,3
勒抑,5
勒诈,7
了不得,7
了不长进,5
雷害,5
雷声大雨点小,1
檑木,5
肋脦,7
累牍连篇,5
累块积苏,1
累累,7
累卵,5
累赘,5
擂天倒地,7
楞眉横眼,5
楞手楞脚,3
楞头呆脑,5
楞头楞脑,5
冷板凳,5
冷冰冰,5
冷嘲热讽,3
冷窗冻壁,3
冷淡,5
冷宫,5
冷害,3
冷箭,5
冷峻,5
冷酷,3
冷酷无情,5
冷冷,3
冷落,5
冷漠,3
冷若冰霜,1
冷谈,5
冷笑,5
冷血动物,7
冷言冷语,5
冷言热语,5
冷眼,3
冷眼旁观,5
冷语冰人,5
冷遇,3
愣头儿青,7
愣头愣脑,3
离本徼末,3
离本趣末,3
离本依末,3
离愁,1
离格,5
离格儿,3
离合悲欢,7
离间,7
离经叛道,5
离鸾别凤,5
离鸾别鹤,5
离乱,7
离谱,5
离谱儿,3
离奇,5
离弃,7
离乡背井,9
离乡背土,9
离乡别井,9
离乡别土,9
离心离德,7
黎丘丈人,3
黎庶涂炭,9
李广难封,7
李广未封,7
里通外国,9
俚俗,5
哩哩啦啦,3
哩哩罗罗,3
哩溜歪斜,5
理亏,5
理亏|,1
理屈,3
理屈词穷,1
醴酒不设,3
力不从心,3
力不胜任,5
力竭声嘶,9
历历落落,3
厉鬼,7
立锥之地,1
立足之地,5
利己,7
利己主义,3
利令志惛,7
利令智昏,5
利锁名缰,7
利已,3
利诱,5
利欲熏心,5
利灾乐祸,7
例行公事,5
轹釜待炊,9
栗栗危俱,8
詈夷为跖,5
连编累牍,3
连昏达曙,5
连累,5
连理分枝,7
连明彻夜,5
连明达夜,5
连明连夜,5
连篇絫牍,3
连篇絫幅,3
连篇累册,3
连篇累牍,1
连篇累幅,3
连篇累帧,3
连篇累帙,3
连天烽火,5
连宵彻曙,5
连宵达旦,5
连章累牍,5
连帙累牍,5
怜新弃旧,5
怜新厌旧,5
敛财,5
敛手屏足,5
敛怨求媚,7
脸红筋暴,7
脸黄肌瘦,3
脸皮厚,1
脸青鼻肿,7
脸无人色,7
恋酒迷花,5
恋酒贪花,5
良莠不齐,7
梁上君子,5
两败俱伤,3
两道三科,7
两肩荷口,7
两脚书橱,7
两两三三,1
两面二舌,3
两面光,5
两面三刀,5
两头白面,3
两头和番,7
两头三面,5
两头三绪,5
两意三心,7
辽东豕,5
聊以塞责,5
聊以自慰,7
聊以卒岁,3
撩蜂吃螫,9
撩蜂剔蝎,9
撩火加油,5
撩云拨雨,3
潦原浸天,3
列风淫雨,7
列强,7
劣等,5
劣根性,7
劣迹,5
劣迹昭著,9
劣马,5
劣势,3
劣质,3
劣中之劣,9
劣种,5
劣株,5
烈火轰雷,7
烈火烹油,7
烈日当空,3
捩手覆羹,9
猎取,1
临渴掘井,3
临深履薄,5
临事而惧,3
临阵磨枪,3
临阵脱逃,5
麟角凤距,3
凛如霜雪,5
凛若冰霜,5
凛若秋霜,5
吝啬,7
吝啬鬼,5
吝惜,5
伶仃孤苦,9
凌轹,5
凌乱,7
凌虐,7
凌辱,7
凌弱暴寡,7
凌上虐下,7
凌侮,5
凌夷,3
凌杂,3
陵弱暴寡,7
零丁孤苦,9
零零散散,1
零零碎碎,1
零乱,5
零落,7
零七八碎,5
零敲碎打,3
另楚寒巫,3
另起炉灶,1
另眼看待,3
另眼看戏,3
令人不安,7
令人恶心,9
令人发指,9
令人费解,7
令人困倦,5
令人毛骨悚然,9
令人疲倦,7
令人生气,5
令人生厌,7
令人讨厌,7
令人厌恶,9
令人厌倦,7
令人窒息,9
令人作呕,9
溜边,3
溜号,1
溜门,5
溜须拍马,3
溜之大吉,5
溜之乎也,3
留难,5
流弊,5
流窜,3
流毒,9
流汗浃背,7
流寇,5
流寇主义,5
流离颠顿,9
流离颠沛,9
流离颠疐,9
流离琐尾,5
流里流气,7
流落风尘,7
流落失所,7
流落他乡,3
流落天涯,3
流氓,3
流年不利,3
流气,5
流水无情,3
流俗,3
流天澈地,1
流言,3
流言飞文,7
流言飞语,7
流言蜚语,1
流言风语,7
流言混话,7
流言惑众,5
流移失所,7
柳眉倒竖,7
柳眉剔竖,7
柳眉踢竖,7
柳泣花啼,7
柳折花残,7
六朝金粉,9
六亲不认,9
六神不安,9
龙多乃旱,3
龙鬼蛇神,3
龙胡之痛,9
龙江虎浪,7
龙门点额,7
龙盘凤逸,7
龙蟠凤逸,5
龙蟠凤翥,7
龙蟠虬结,5
龙潜凤采,1
龙屈蛇伸,7
龙蛇混杂,7
龙生九种,5
龙生九子,5
龙首豕足,7
龙潭虎穴,7
龙头锯角,5
龙血玄黄,7
龙阳泣鱼,7
龙驭上宾,7
龙御上宾,7
龙睁虎眼,7
笼络,3
笼络人心,5
笼统,1
垄断,5
娄子,5
陋规,3
陋习,9
陋巷箪瓢,3
镂冰炊砾,7
镂冰雕朽,7
镂脂翦楮,7
漏报,8
漏洞,3
漏洞百出,5
漏尽钟鸣,5
漏尽锺鸣,5
漏脯充饥,7
漏税,5
漏网,3
漏网之鱼,5
漏洩春光,3
漏卮,5
喽啰,5
喽罗,5
卤莽灭裂,7
掳掠,5
鲁钝,3
鲁斤燕削,3
鲁莽,5
鲁莽灭裂,7
鲁鱼帝虎,1
鲁鱼亥豕,1
鲁鱼陶阴,1
鹿皮苍璧,1
鹿死不择荫,7
鹿死不择音,3
鹿死不择廕,3
鹿驯豕暴,7
鹿走苏台,7
碌碌,7
碌碌寡合,1
碌碌无能,5
碌碌无奇,5
碌碌无为,7
路柳墙花,5
路人皆知,3
路叟之忧,5
露餐风宿,5
露丑,5
露骨,3
露马脚,1
露怯,3
露宿风餐,5
露影藏形,5
鸾分凤离,5
鸾孤凤寡,5
鸾孤凤只,5
鸾只凤单,5
乱兵,1
乱臣,3
乱臣贼子,9
乱纷纷,7
乱坟岗,4
乱烘烘,7
乱哄哄,3
乱乎,7
乱来,5
乱了营,7
乱离,5
乱伦,5
乱麻麻,5
乱民,3
乱虐并生,9
乱蓬蓬,5
乱七八遭,7
乱七八糟,3
乱首垢面,7
乱套,5
乱腾腾,5
乱头粗服,3
乱语胡言,7
乱杂,1
乱葬岗子,4
乱糟糟,5
乱坠天花,3
乱子,5
乱作胡为,7
乱作一团,7
掠夺,7
掠取,1
掠影浮光,5
沦落,7
沦丧,5
沦亡,7
沦陷,7
论短道长,3
论甘忌辛,5
论高寡合,5
论黄数白,5
论黄数黑,5
论调,3
论长道短,3
论长说短,3
论资排辈,1
啰里啰唆,5
啰里啰嗦,5
啰啰唆唆,5
啰啰嗦嗦,5
啰唆,3
啰嗦,8
罗掘俱穷,7
罗雀掘鼠,3
攞袖揎拳,5
落花流水,3
落荒,3
落荒而逃,7
落架,5
落井下石,7
落空,1
落落寡合,3
落落穆穆,5
落落难合,5
落马,3
落漠,7
落魄,5
落魄江湖,3
落水狗,5
落俗套,5
落套,1
落拓不羁,5
落伍,5
落月屋梁,7
驴唇不对马嘴,7
驴脣不对马嘴,7
驴脣马觜,7
驴鸣狗吠,7
驴鸣犬吠,7
驴年马月,5
驴头不对马嘴,7
吕安题凤,3
吕武操莽,7
旅进旅退,5
屡次三番,1
屡教不改,7
履穿踵决,3
履霜坚冰,7
履霜之戒,7
履丝曳缟,7
履舄交错,1
率尔,5
率尔操觚,3
率兽食人,9
率由旧章,3
略识之无,3
麻痹,4
麻痹大意,5
麻痺不仁,7
麻烦,7
麻木,3
麻木不仁,9
马勃牛溲,9
马齿徒增,5
马齿徒长,7
马大哈,3
马耳春风,3
马耳东风,3
马腹逃鞭,3
马后炮,5
马糊,4
马虎,3
马角乌头,5
马马虎虎,5
马牛襟裾,7
马去马归,3
马上房子,7
马瘦毛长,3
马仰人翻,5
马贼,5
马捉老鼠,3
蚂蚁缘槐,5
骂不绝口,7
骂大街,5
骂得狗血喷头,7
骂街,3
骂骂咧咧,5
骂名,5
骂天扯地,5
骂天咒地,5
埋没,3
埋汰,3
埋天怨地,5
埋头顾影,5
埋怨,5
买菜求益,3
买椟还珠,5
买好,3
买静求安,3
买爵贩官,7
买空卖空,5
买上告下,7
买上嘱下,7
买铁思金,7
买通,7
买王得羊,5
买笑寻欢,7
买笑迎欢,7
买笑追欢,7
卖不掉,5
卖兒贴妇,7
卖兒鬻女,7
卖法市恩,9
卖富差贫,7
卖狗皮膏药,5
卖狗悬羊,5
卖乖,5
卖乖弄俏,5
卖官贩爵,7
卖官卖爵,7
卖官鬻爵,9
卖官鬻狱,9
卖国求利,9
卖国求荣,9
卖国贼,9
卖好,3
卖空买空,3
卖李钻核,9
卖男鬻女,7
卖弄,5
卖妻鬻子,7
卖俏,5
卖俏行奸,7
卖俏迎奸,7
卖人情,2
卖身投靠,7
卖笑追欢,7
卖友,5
卖友求荣,9
卖主求荣,7
卖嘴,3
蛮不讲理,7
蛮干,3
蛮悍,7
蛮横,5
蛮横无理,7
蛮荒,1
蛮勇,3
瞒哄,5
瞒骗,3
瞒上欺下,3
瞒天过海,5
瞒天昧地,7
瞒心昧己,7
满城风雨,5
满腹狐疑,7
满坑满谷,1
满脸横肉,7
满目疮痍,8
满目凄凉,7
满盘皆输,8
谩不经意,5
谩藏诲盗,5
谩辞譁说,5
谩骂,5
谩上不谩下,5
谩天谩地,5
谩天昧地,5
漫不加意,5
漫不经心,1
漫漶,5
漫骂,5
漫天大谎,9
漫天过海,5
漫天叫价,5
漫天开价,5
漫天要价,5
漫无边际,5
漫无目标,5
慢藏诲盗,5
慢慢腾腾,3
慢慢吞吞,3
慢慢悠悠,1
慢腾腾,3
慢吞吞,3
忙不择价,7
忙乱,5
忙中有失,7
盲从,5
盲干,3
盲目,5
盲人扪烛,5
盲人摸象,1
盲人骑瞎马,3
盲人说象,5
盲人瞎马,5
盲翁扪籥,5
盲用,1
茫茫然,7
茫然,3
茫无头绪,5
莽莽苍苍,1
莽莽撞撞,5
莽撞,5
猫哭老鼠,9
猫腻,1
猫噬鹦鹉,7
猫鼠同处,9
猫鼠同乳,7
毛病,4
毛糙,3
毛发耸然,9
毛发悚然,9
毛骨耸然,9
毛骨悚然,7
毛骨竦然,9
毛举细故,7
毛毛躁躁,5
毛手毛脚,5
毛遂堕井,7
毛头毛脑,5
毛羽未丰,5
毛躁,3
毛子,3
蟊贼,5
冒充,1
冒渎,3
冒功,5
冒进,1
冒昧,5
冒名顶替,5
冒名接脚,7
冒名项替,7
冒牌,5
冒失,3
贸贸然,3
贸然,3
贸首之雠,7
貌合行离,1
貌合神离,1
貌合心离,1
貌离神合,1
貌似公正,5
貌似强大,3
貌似真实的,3
貌是情非,1
貌是心非,1
没查没利,7
没出息,3
没颠没倒,5
没法奈何,5
没骨头,7
没好气,5
没计奈何,5
没见过世面,3
没教养,7
没劲,3
没精打采,3
没精打彩,7
没精没彩,7
没精塌彩,7
没可奈何,5
没礼貌,3
没里没外,1
没理,3
没脸,5
没两下子,7
没落子,3
没没无闻,1
没眉没眼,1
没奈何,3
没皮没脸,5
没轻没重,5
没趣,1
没什么了不得,3
没什么了不起,3
没受过教育,3
没头苍蝇,7
没头没脸,5
没头没脑,5
没头脑,5
没味,3
没心没肺,7
没心眼儿,3
没羞,3
没样儿,1
没用,5
没有教养,9
没有礼貌,3
没有头脑,5
没有学问,3
没有勇气,1
没治,3
眉睫之祸,5
眉来眼去,3
眉目不清,3
每况愈下,1
美中不足,3
昧己瞒心,7
昧心,3
媚骨,5
媚世,3
媚俗,5
媚态,3
媚外,5
门单户薄,7
门殚户尽,9
门户之见,3
门堪罗雀,7
门可张罗,7
门衰祚薄,7
门外汉,3
扪参历井,7
闷棍,1
闷葫芦,1
闷倦,5
闷雷,5
闷闷不乐,5
闷热,3
蒙蔽,1
蒙哄,3
蒙混,1
蒙昧,5
蒙昧无知,5
蒙难,3
蒙骗,5
蒙事,5
蒙头转向,3
蒙在鼓里,3
懵懂,9
懵里懵懂,9
懵懵懂懂,9
孟浪,5
梦幻泡影,5
梦魂颠倒,7
梦想颠倒,7
梦中说梦,3
弥天大谎,9
弥天大祸,7
弥天大罪,9
迷而不反,9
迷而不返,9
迷花沾草,7
迷昏汤,5
迷魂夺魄,3
迷魂淫魄,3
迷金醉纸,7
迷离徜仿,5
迷离徜恍,5
迷离惝恍,5
迷恋骸骨,8
迷茫,3
迷迷荡荡,7
迷人眼目,9
迷天大谎,9
迷天大罪,9
迷头认影,7
迷途,3
迷信,3
糜费,3
糜烂,5
靡不有初，鲜克有终,3
靡费,3
靡靡,3
靡靡之乐,3
靡靡之声,3
靡靡之音,3
靡然顺风,3
靡衣偷食,7
靡衣媮食,7
靡有孑遗,1
米珠薪桂,7
密谋,5
绵里藏针,7
绵力薄材,5
免开尊口,8
黾穴鸲巢,7
眄视指使,5
俛首帖耳,3
面从腹诽,5
面谩腹诽,5
面面厮觑,4
面面相睹,4
面面相看,4
面面相窥,4
面目可憎,7
面目全非,7
面目狰狞,9
面墙而立,5
面如死灰,9
面是背非,5
面是心非,5
面有难色,9
面谀背毁,5
面誉背非,5
面誉背毁,5
苗而不秀,5
渺小,1
藐小,1
妙手空空,5
灭顶之灾,9
灭迹,5
灭绝人性,9
灭口,5
灭门绝户,9
蔑称,3
蔑视,7
民不堪命,9
民穷财尽,5
民生凋敝,5
民怨,5
民怨沸腾,9
民怨盈涂,9
民贼,5
泯没,5
泯灭,5
名不符实,3
名不副实,5
名存实亡,1
名高难副,5
名过其实,1
名缰利锁,7
名义上,5
名誉扫地,9
名重识暗,7
明火持杖,7
明火执械,7
明火执仗,5
明火执杖,7
明来暗往,5
明目张胆,5
明枪暗箭,1
明抢,5
明抢暗偷,6
明日黄花,5
明推暗就,6
明修栈道，暗度陈仓,5
明哲保身,7
明争暗斗,1
明知故问,3
明珠暗投,7
冥室椟棺,7
冥顽,5
冥顽不化,9
冥顽不灵,9
酩酊大醉,7
命薄缘慳,6
命蹇时乖,6
谬论,5
谬妄无稽,5
谬误,3
谬想天开,5
谬以千里,5
谬种,7
谬种流传,5
缪错,3
缪说,5
模糊,1
模糊不清,1
模棱两可,5
模模糊糊,1
磨烦,3
磨磨蹭蹭,3
磨洋工,5
磨折,5
磨砖成镜,1
魔怪,3
魔鬼,9
魔头,5
魔王,5
魔掌,5
魔障,5
魔爪,5
抹黑,8
抹杀,5
末流,3
末日,3
末学肤受,3
末学肤受　,5
莫辨楮叶,7
莫此为甚,9
莫名其妙,5
莫须有,7
莫予毒也,5
漠不关心,3
漠不相关,5
漠然,3
漠然置之,5
漠视,3
墨迹未干,5
墨吏,5
墨守陈规,5
墨守成规,3
墨突不黔,3
默哀,7
牟利,3
牟取,3
谋财害命,9
谋反,5
谋害,5
谋杀,5
谋私,5
谋图不轨,5
谋陷,5
母夜叉,5
木雕泥塑,5
木梗之患,7
木讷,3
木然,3
木石心肠,7
木头木脑,5
木心石腹,7
目不见睫,7
目不交睫,7
目不识丁,3
目动言肆,5
目光短浅,7
目光如豆,7
目光如鼠,5
目光凶狠,5
目睫之论,5
目空一切,7
目空一世,7
目空馀子,7
目论,3
目迷五色,3
目使颐令,7
目挑心招,3
目无法纪,7
目无三尺,5
目无王法,7
目无下尘,5
目无余子,5
目无馀子,5
目无尊长,5
目眢心忳,8
目指气使,7
目中无人,7
沐猴而冠,9
沐猴衣冠,6
幕后,5
暮翠朝红,5
暮虢朝虞,7
暮气,3
暮气沉沉,5
暮夜无知,5
拿班作势,6
拿班做势,6
拿粗挟细,6
拿大,5
拿架子,5
拿腔拿调,7
拿腔作势,7
拿腔作调,6
拿腔做势,5
拿乔,5
拿人,5
拿三搬四,6
拿糖作醋,5
纳粹,7
纳贿,3
纳履踵决,3
男盗女娼,9
南郭处士,6
南郭先生,6
南箕北斗,9
南柯一梦,7
南腔北调,6
南辕北辙,5
难吃,5
难看,5
难人,7
难上难,5
难说话,3
难闻,5
难相处,3
难驯服,3
难以沟通,5
囊空如洗,7
囊中羞涩,7
孬种,7
呶呶,3
呶呶不休,5
挠腮撧耳,6
恼人,3
恼羞变怒,6
脑中无数,5
闹别扭,5
闹得慌,7
闹鬼,3
闹哄,5
闹哄哄,7
闹架,3
闹剧,3
闹闹哄哄,7
闹闹嚷嚷,7
闹嚷嚷,5
闹事,5
闹腾,3
闹笑话,1
闹玄虚,5
闹意见,5
闹灾,5
内斗,8
内顾之忧,3
内讧,7
内疚,8
内乱,7
内难,5
内视反听,7
内忧,5
泥车瓦马,5
泥古,3
泥古不化,7
泥古非今,5
泥古拘方,5
泥名失实,5
泥塑木雕,5
泥腿,5
泥猪疥狗,5
泥猪癞狗,5
泥猪瓦狗,5
泥足巨人,5
你丫,5
逆产,3
逆道乱常,6
逆耳,5
逆来顺受,5
逆流,5
逆天暴物,6
逆子,7
腻烦,7
腻人,5
腻歪,3
腻味,1
溺爱,5
拈斤播两,3
拈轻怕重,3
拈酸吃醋,5
拈酸泼醋,5
蔫不出溜,3
蔫不唧儿,5
蔫不溜,3
蔫儿坏,3
蔫头耷脑,5
黏糊,3
黏皮带骨,5
黏皮着骨,5
念念有词,1
鸟骇鼠窜,8
鸟尽弓藏,5
鸟惊鼠窜,7
鸟惊鱼骇,7
鸟惊鱼溃,7
鸟惊鱼散,7
鸟哭猿啼,7
鸟入樊笼,5
鸟散鱼溃,7
鸟声兽心,5
鸟样,5
尿流屁滚,7
捏弄,5
捏造,3
乜斜缠帐,5
啮噬,7
嗫嚅小兒,5
蹑手蹑脚,5
孽根,7
孽障,9
孽种,7
狞恶,9
狞笑,5
凝滞,1
佞人,5
佞笑,5
佞幸,7
牛鬼蛇神,7
牛角尖,5
牛马襟裾,6
牛头不对马嘴,5
牛头马面,7
扭曲,7
忸怩作态,9
忸忸怩怩,9
拗口,1
弄粉调脂,1
弄鬼,3
弄鬼掉猴,5
弄鬼妆幺,5
弄假成真,1
弄眉挤眼,5
弄巧成拙,5
弄权,5
弄神弄鬼,5
弄虚作假,7
弄嘴弄舌,5
奴才,3
奴额婢膝,8
奴化,5
奴性,5
奴颜卑膝,7
奴颜婢睐,7
奴颜婢膝,9
奴颜媚骨,7
奴役,7
驽钝,3
驽马恋栈,5
驽马恋栈豆,5
驽马铅刀,5
努牙突嘴,5
弩钝,5
怒火中烧,9
怒目而视,5
怒目切齿,5
怒气冲冲,5
怒气冲天,7
怒形于色,3
虐待,7
虐杀,7
虐政,7
挪用,1
诺诺连声,3
喏喏连声,5
懦夫,5
懦弱,5
女流,3
女巫,5
殴打,7
呕像,3
呕心抽肠,8
怕事,3
怕死贪生,5
怕痛怕痒,5
怕硬欺软,5
拍马,5
拍马溜须,5
拍马屁,7
排场,3
排斥异己,7
排挤,5
徘徊歧路,3
派头,5
攀附,5
攀高接贵,5
攀高结贵,6
攀鳞附翼,6
攀龙附凤,5
攀龙附骥,5
攀龙讬凤,6
攀诬,5
攀炎附热,6
盘根错节,5
盘踞,5
盘马弯弓,5
槃木朽株,6
判若云泥,7
叛变,7
叛国,7
叛离,7
叛乱,7
叛卖,7
叛逆,5
叛逃,7
叛徒,5
庞杂,1
旁门外道,6
旁门小道,6
旁门邪道,6
旁门左道,7
旁敲侧击,3
旁若无人,3
旁骛,3
旁摇阴煽,6
徬徨失措,5
抛费,3
抛荒,3
抛脸,6
抛弃,7
抛头露面,5
抛头露面　,5
庖代,5
袍哥,3
袍笏登场,5
跑江湖,5
跑警报,7
跑龙套,6
跑跑跳跳,7
跑辙,5
泡病号,5
泡汤,5
炮凤烹龙,7
炮灰,5
炮火连天,7
炮舰外交,5
炮舰政策,5
炮筒子,4
炮制,3
陪绑,6
陪衬,3
陪了夫人又折兵,7
赔本,5
赔了夫人又折兵,7
赔钱,5
赔帐,5
配不上,7
喷粪,5
烹狗藏弓,7
烹犬藏弓,7
朋比为奸,5
朋比作奸,7
朋党比周,7
朋党之争,5
蓬户筚门,1
蓬户柴门,3
蓬户瓮牖,3
蓬乱,1
蓬蓬,6
蓬头垢面,7
蓬头历齿,3
蓬头散发,7
捧场,6
捧头鼠窜,7
批缪,3
批判,8
批评,5
纰漏,3
披枷带锁,5
披露,8
披麻救火,1
披毛求疵,1
披毛求瑕,1
披毛索厣,7
披毛索黡,5
披靡,3
披头散发,5
劈脸,7
劈两分星,3
皮脸,5
皮毛,5
皮囊,3
皮相,3
皮相之谈,5
皮笑肉不笑,7
皮之不存，毛将焉附,1
蚍蜉带盆,5
蚍蜉撼大树,9
蚍蜉撼树,3
疲敝,5
疲困,3
疲软,3
疲塌,5
疲沓,5
琵琶胡语,3
琵琶旧语,7
脾气暴,5
脾气爆躁,3
匹夫,7
匹夫之勇,5
痞棍,3
痞子,3
癖好,9
屁滚尿流,9
屁话,5
睥睨,3
辟谣,7
僻陋,3
偏安,5
偏废,3
偏护,3
偏激,5
偏枯,3
偏僻,1
偏颇,5
偏失,3
偏食,5
偏私,3
偏袒,5
偏疼,3
偏听偏信,3
偏狭,5
偏乡僻壤,5
偏向,6
偏斜,5
偏心,3
偏心眼,7
偏信则暗,5
偏执,5
骈枝,5
片甲不存,5
片甲不回,1
片甲不留,1
片接寸附,1
片面,5
骗局,8
骗取,5
骗人,9
骗术,5
骗子,5
剽悍,3
剽窃,5
剽取,5
剽袭,5
漂亮话,7
飘籓坠溷,3
飘樊落溷,3
飘零,3
飘瓦虚舟,5
飘茵堕溷,3
飘茵落溷,3
姘妇,3
姘居,9
姘头,5
贫病交迫,5
贫骨头,7
贫瘠,3
贫贱,3
贫贱骄人,7
贫苦,5
贫气,3
贫穷,8
贫嘴,5
贫嘴薄舌,5
贫嘴恶舌,5
贫嘴滑舌,5
贫嘴贱舌,5
频仍,3
平板,1
平淡无奇,3
平淡无味,5
平毁,7
平铺直序,5
平铺直叙,3
平庸,3
评头品足,5
凭白无故,5
凭几据杖,7
凭空,5
凭陵,7
泼妇,5
泼妇骂街,5
泼悍,7
泼剌,7
泼辣,7
泼皮,5
泼天大祸,7
泼油救火,5
颇有微词,5
婆婆妈妈,3
叵测,5
迫害,7
破败,3
破产,3
破罐破摔,1
破家危国,9
破烂,7
破烂不堪,3
破脸,3
破裂,3
破陋,3
破卵倾巢,7
破门而入,1
破灭,5
破玩意兒,3
破鞋,5
破约,3
破绽百出,5
剖腹藏珠,9
裒敛无厌,7
扑杀此獠,8
铺张,5
铺张浪费,7
铺张扬厉,7
蒲柳之姿,3
曝骨履肠,7
曝光,8
七颠八倒,3
七捞八攘,3
七零八落,7
七拼八凑,3
七窍冒火,9
七舌八嘴,5
七手八脚,3
七首八脚,5
凄惶,3
凄切,3
欺大压小,5
欺负,5
欺公罔法,9
欺公罔上,9
欺公误国,9
欺哄,3
欺君罔上,5
欺良压善,5
欺凌,3
欺瞒,3
欺瞒夹账,9
欺蒙,5
欺骗,3
欺人,5
欺人太甚,7
欺人以方,5
欺人之谈,5
欺人自欺,9
欺辱,5
欺软怕硬,7
欺三瞒四,9
欺善怕恶,7
欺上瞒下,5
欺生,3
欺世盗名,5
欺世罔俗,7
欺天诳地,9
欺天罔地,9
欺天罔人,7
欺罔视听,7
欺侮,5
欺压,5
欺诈,8
蹊跷,8
蹊田夺牛,7
齐东野语,3
其势汹汹,5
奇耻大辱,9
奇丑无比,9
奇货可居,3
奇离古怪,1
奇谈怪论,3
奇想天开,3
奇装异服,3
歧出,5
歧路亡羊,5
歧视,5
歧途,5
骑鹤更扬州,7
骑鹤上维扬,5
骑鹤上扬,5
骑鹤上扬州,5
骑鹤望扬州,5
骑鹤维扬,5
骑鹤扬州,5
骑墙,5
骑上扬州鹤,5
骑扬州鹤,5
棋输先著,3
綦谿利跂,5
旗号,6
乞降,5
乞穷俭相,3
岂有此理,5
岂有是理,7
企图,3
杞国之忧,5
杞人忧天,3
杞人之忧,5
杞天之虑,5
启宠纳侮,7
启瞶振聋,7
启人疑窦,7
启衅,5
起哄,5
起火打劫,7
起事,5
气冲斗牛,7
气充志骄,7
气短,3
气断声吞,9
气急败坏,9
气急败丧,7
气忍声吞,5
气势汹汹,5
气味,5
气消胆夺,9
气焰,7
气焰熏天,9
弃车走林,3
弃妇,6
弃好背盟,5
弃家荡产,7
弃甲倒戈,7
弃甲丢盔,3
弃甲负弩,3
弃甲投戈,3
弃甲曳兵,3
弃旧怜新,7
弃旧迎新,7
弃义倍信,5
泣不可仰,9
泣涕如雨,9
契船求剑,5
器小易盈,3
掐尖落钞,5
千仇万恨,9
千疮百孔,7
千刀万剁,7
千刀万剐,7
千方百计,7
千夫诺诺，不如一士谔谔,5
千夫所指,9
千呼万唤　,5
千回百折,7
千回百转,5
千金一掷,7
千里馈粮,7
千里迢迢,7
千里之隄，溃于蚁穴,7
千虑一失,5
千篇一律,5
千人所指,9
千人一面,5
千山万水,7
千头百绪,7
千灾百难,9
迁臣逐客,7
迁就,3
迁怒于人,3
迁延时日,3
牵扯,5
牵就,5
牵累,5
牵萝补屋,3
牵强,3
牵强附会,5
牵丝攀藤,3
牵衣肘见,7
悭吝,3
愆尤,3
前不巴村，后不巴店,5
前倨后恭,9
前科,3
前门进虎，后门进狼,3
前怕狼，后怕虎,5
前怕狼后怕虎,5
前愆,3
前挽后推,5
前言不搭后语,3
前瞻后顾,9
钱可通神,9
潜规则,8
潜窃阳剽,9
潜逃,5
潜踪,3
黔驴技孤,5
黔驴技穷,5
黔驴之技,5
黔突暖席,3
浅薄,7
浅尝,3
浅尝辄止,3
浅嚐辄止,5
浅见,3
浅见寡闻,5
浅近,1
浅陋,5
浅学,3
浅斟低唱,5
谴谪,5
欠佳,1
欠拍,5
欠妥,7
欠完善,7
欠周到,7
歉收,3
枪替,5
戕害,7
戕身伐命,5
戕贼,5
锵金鸣玉,5
强暴,7
强逼,5
强辩,5
强不知以为知,7
强脣劣嘴,7
强词夺理,5
强盗挂念珠,7
强而后可,5
强凫变鹤,8
强告化,7
强聒不舍,3
强行,5
强横,5
强横霸道,7
强加,3
强奸,9
强梁,3
强龙不压地头蛇,1
强弩末矢,7
强弩之极,7
强弩之末,5
强求,5
强取,7
强权,5
强权政治,7
强人所难,5
强食弱肉,5
强死强活　,7
强文假醋,7
强文浉醋,7
强压,5
强颜为笑,7
强占,5
强制措施,8
墙倒众人推,7
墙高基下,7
抢白,5
抢地呼天,9
抢夺,7
抢劫,5
抢掠,5
抢亲,7
硗薄,3
跷蹊,3
敲冰求火,6
敲冰索火,6
敲膏吸髓,7
敲骨剥髓,7
敲骨吸髓,9
敲骨榨髓,9
敲门砖,8
敲诈,5
敲诈勒索,7
敲榨勒索,9
敲竹杠,5
敲竹槓,7
乔文假醋,6
樵苏不爨,3
巧妇难无火之炊,7
巧立名目,3
巧立名色,7
巧取豪夺,8
巧舌如簧,3
巧偷豪夺,5
巧言花语,5
巧言令色,5
巧言偏辞,5
巧言如簧,5
巧语花言,5
巧作名目,7
愀然,7
俏皮话,5
诮呵,3
翘辫子,9
翘尾巴,5
切齿腐心,9
切骨之寒,7
怯弱,5
窃案,7
窃夺,5
窃国,9
窃据,5
窃据要津,5
窃窃,5
窃窃私议,3
窃窃私语,3
窃取,5
窃位素餐,9
窃贼,5
挈瓶之知,5
侵夺,5
侵犯,5
侵害,5
侵凌,7
侵略,3
侵略战争,7
侵权,5
侵扰,3
侵入,3
侵吞,5
侵袭,5
侵渔,7
侵越,5
侵占,5
亲痛仇快,7
禽兽,9
禽兽不如,9
禽息鸟视,7
寝不安席,7
寝关曝纊,7
青楼,7
青面獠牙,7
青皮,5
青蝇点璧,5
青蝇点素,7
青蝇吊客,5
青蝇染白,5
轻薄,3
轻薄无行,5
轻薄无礼,5
轻薄无知,5
轻浮,7
轻忽,3
轻贱,3
轻举妄动,3
轻看,3
轻狂,7
轻率,5
轻慢,3
轻描淡写,1
轻蔑,7
轻诺寡信,7
轻飘,5
轻生,5
轻世傲物,7
轻世肆志,7
轻世做物,9
轻视,5
轻佻,7
轻侮,5
轻信,3
轻言寡信,5
轻言肆口,5
轻于鸿毛,7
轻重倒置,5
轻嘴薄舌,7
倾覆,5
倾轧,5
清君侧,5
清算,3
蜻蜓点水,3
情妇,3
情凄意切,5
情怨理遣,5
请降,7
罄竹难书,9
穷兵黩武,5
穷乏,5
穷极潦倒,9
穷极无聊,5
穷寇,1
穷困潦倒,7
穷山恶水,7
穷奢极侈,9
穷奢极欲,7
穷酸,3
穷途,3
穷途潦倒,7
穷途之哭,5
穷乡僻壤,5
穷形极相,8
穷形尽相,7
穷凶恶极,9
穷凶极恶,9
穷阎漏屋,1
茕茕孑立,9
秋风过耳,5
秋荼密网,5
囚犯,3
囚首垢面,9
囚首丧面,5
囚徒,3
求道于盲,3
求全,1
求全责备,3
求全之毁,3
求生害仁,5
求田问舍,5
裘弊金尽,5
裘马轻肥,9
区区,1
区闻陬见,5
驱迫,5
屈从,5
屈打成招,5
屈服,1
屈节,5
屈节辱命,7
屈挠,7
屈辱,3
屈枉,5
屈膝,5
蛆虫,7
趋奉,5
趋附,7
趋炎附势,7
曲解,5
曲学阿世,7
曲学诐行,5
曲意承迎,5
曲意逢迎,5
曲意奉承,5
曲意奉迎,5
曲意迎合,5
取闹,5
取巧,5
取笑,5
取悦,3
圈拢,5
圈钱,8
圈套,7
权臣,7
权贵,5
权门,5
权势,5
权欲熏心,7
权诈,7
权重秩卑,5
全军覆没,9
全无心肝,7
拳打脚踢,7
犬儒,7
犬牙交错,7
劝百讽一,9
劝诱,7
缺德,7
缺点,9
缺乏,3
缺乏才智,5
缺乏教养,5
缺乏绅士风度,5
缺乏幽默,5
缺失,3
缺陷,3
缺心眼,7
缺心眼儿,7
却步,5
雀目鼠步,9
鹊巢鸠居,6
鹊巢鸠据,6
鹊巢鸠踞,6
鹊巢鸠占,5
鹊巢鸠佔,6
鹊巢鸠主,7
鹊垒巢鸠,5
榷酒征茶,5
裙带,5
裙带关系,7
裙屐少年,7
群居终日，盲不及义,7
群氓,5
群魔乱舞,9
群起而攻之,3
染缸,3
染指垂涎,5
攘臂嗔目,3
攘夺,7
攘攘,9
饶舌,3
扰民,3
绕脖子,3
绕圈子,7
惹草拈花,5
惹草沾花,4
惹祸,3
惹祸招愆,5
惹祸招殃,5
惹祸招灾,5
惹事生非,4
惹事招非,7
惹是非,5
惹是生非,7
惹是招非,3
热锅上的蚂蚁,9
热泪盈眶,9
人百其身,9
人地生疏　,5
人多势众,3
人贩子,7
人浮于事,7
人祸,5
人间地狱,5
人老珠黄,3
人面狗心,5
人面兽心,9
人民城郭,5
人命危浅,5
人模人样,5
人莫予毒,5
人弃我取,5
人前背后,7
人情冷暖,5
人情恟恟,5
人穷志短,3
人穷智短,5
人去楼空,7
人人得而诛之,9
人人自危,3
人身攻击,5
人神共愤,9
人生若寄,3
人事,5
人头畜鸣,5
人亡家破,5
人亡物在,7
人为财死，鸟为食亡,7
人为刀组,5
人为刀俎，我为鱼肉,5
人心不古,8
人心不足蛇吞象,9
人心惶惶,7
人心叵测,7
人心似铁,7
人心惟危,7
人言籍籍,7
人言啧啧,5
人欲横流,7
人云亦云,5
人渣,9
仁柔寡断,5
忍垢偷生,3
忍辱含垢,1
忍辱偷生,3
忍无可忍,7
忍心,3
忍心害理,7
荏弱,5
认奴作郎,5
认输,5
认死理,7
认死理儿,7
认头,3
认贼为子,7
认贼作父,7
认罪,7
任其自便,3
任情,1
任人宰割,5
任性,3
任纵,7
日落西山,3
日暮途穷,9
日食万钱,9
日削月朘,7
日月交食,5
日月无光,9
日中必熭,5
日坐愁城,1
戎首,5
容克地主,5
冗词赘句,3
冗员,3
冗杂,5
冗长,3
柔肠百结,5
柔筋脆骨,5
柔茹刚吐,5
柔茹寡断,5
揉磨,3
肉食者鄙,5
肉头,3
肉欲,3
肉中刺,7
如此而已,5
如蹈水火,5
如蹈汤火,5
如到宝山空手回,5
如堕五里雾中,3
如堕烟海,5
如风过耳,1
如狼牧羊,7
如狼如虎,5
如狼似虎,3
如鸟兽散,5
如丘而止,5
如丧考妣,9
如蚁附膻,9
如意算盘,5
如之奈何,5
如坠五里雾中,3
如坐云雾,3
茹柔吐刚,9
蠕蠕,7
乳臭,5
乳臭末干,5
乳臭未除,5
乳臭未干,9
乳臭未乾,5
乳声乳气,5
辱国丧师,9
辱国殄民,7
辱国殃民,5
辱骂,5
辱没,5
辱门败户,7
辱命,3
辱身败名,7
入地无门,5
入海算沙,5
入寇,3
入垄,5
入侵,3
入室操戈,7
入主出奴,5
溽热,1
溽暑,3
阮囊羞涩,3
软骨头,5
软禁,5
软磨,5
软弱,5
软弱无力,5
枘圆凿方,5
枘凿冰炭,5
枘凿方圆,5
若要人不知，除非己莫为,7
若有所丧,3
弱不禁风,3
弱点,3
弱肉强食,5
弱智,9
洒狗血,1
洒洒潇潇,5
撒村骂街,5
撒旦,7
撒刁,5
撒谎,3
撒娇撤痴,5
撒酒疯,5
撒科打诨,5
撒赖,3
撒泼,7
撒气,3
撒野,3
塞耳盗锺,5
塞责,3
三般两样,7
三差两错,5
三从四德,5
三翻四复,5
三翻四覆,5
三反四覆,5
三分鼎足,9
三分像人，七分像鬼,5
三风十愆,7
三光政策,7
三好二怯,5
三好两歹,5
三好两歉,5
三花脸,5
三期贤佞,5
三人成虎,5
三日打鱼，两日晒网,7
三日新妇,5
三尸五鬼,5
三天打鱼，两天晒网,5
三天打鱼两天晒网,3
三头二面,7
三头两面,3
三头两日,5
三心二意,3
三心两意,5
三旬九食,3
三言讹虎,5
三灾八难,5
三灾六难,5
三长四短,5
三旨相公,5
三纸无驴,5
三智五猜,5
散兵游勇,3
散毒,5
散灰扃户,5
散伙,5
散乱,1
散落,5
散漫,5
散伤丑害,5
散亡,3
散言碎语,5
桑间之音,5
桑榆之光，理无远照,3
桑中之喜,5
丧胆销魂,9
丧胆游魂,5
丧德,7
丧服,7
丧魂失魄,5
丧家,7
丧家之狗,5
丧家之犬,7
丧尽天良,9
丧礼,7
丧乱,5
丧明之痛,9
丧偶,7
丧权辱国,9
丧师辱国,7
丧事,7
丧天害理,5
丧心病狂,9
丧钟,3
搔首弄姿,3
搔头弄姿,5
骚动,5
骚货,9
骚乱,3
骚乱性,5
扫荡,7
扫地出门,5
扫灭,5
扫墓,5
扫兴,1
扫帚星,5
臊气,5
色厉内荏,3
色迷迷,9
色情,5
涩苦,3
涩滞,3
啬刻,3
瑟瑟,5
森然,7
杀风景,3
杀害,3
杀机,5
杀鸡取卵,5
杀价,3
杀戮,5
杀妻求将,9
杀气,9
杀气腾腾,5
杀人不见血,9
杀人不眨眼,9
杀人放火,7
杀人灭口,7
杀人如草,7
杀人如蒿,7
杀人如麻,9
杀人如蓺,7
杀人盈野,7
杀人越贷,7
杀人越货,7
杀生,3
沙场,5
沙文主义,5
铩羽,5
啥也不说了,7
傻B,7
傻比,7
傻叉,3
傻劲儿,3
傻里瓜唧,5
傻里傻气,5
傻头傻脑,5
傻笑,1
傻子,3
煞气,3
煞有介事,9
筛糠,5
山高水低,7
山高水险,5
山河易改，本性难移,7
山亏一篑,5
山穷水断,5
山穷水尽,9
山穷水绝,5
山上无老虎，猴子称大王,5
山中无好汉，猢猻称霸王,5
芟荑,5
姗姗来迟,1
珊珊来迟,5
煽风点火,5
煽惑,7
煽诱,5
潸然,3
闪烁其辞,3
讪脸,5
讪皮讪脸,5
讪笑,5
扇动,5
扇风点火,5
擅权,5
擅自,1
擅自为谋,7
伤兵,3
伤风,3
伤风败化,5
伤风败俗,7
伤弓之鸟,5
伤害,3
伤化败俗,5
伤教败俗,7
伤口,3
伤神,5
伤生,5
伤逝,5
伤天害理,9
伤亡,5
伤心蒿目,5
伤心疾首,5
伤言扎语,5
伤员,3
赏不当功,5
赏罚不当,5
赏罚不明,5
赏罚不信,5
赏罚无章,5
赏同罚异,7
上不得台盘,5
上窜下跳,5
上等轮胎－有气难出,3
上吊,7
上赶,7
上赶着,7
上行下效,3
上梁不正下梁歪,7
上楼去梯,7
上慢下暴,7
上天无路,5
上无片瓦,5
上下其手,9
上刑,5
上援下推,5
上之所好，下必甚焉,5
烧包,5
烧掉,8
烧毁,5
烧伤,3
少不更事,5
少吃无穿,3
少见多怪,3
少气无力,7
少条失教,5
少言寡语,5
少壮不努力，老大徒伤悲,9
奢侈,7
奢华,3
奢靡,7
舌敝唇焦,7
舌敝耳聋,8
舌剑唇枪,7
舌挢不下,7
蛇头,5
蛇吞象,7
蛇蝎,7
蛇蝎为心,9
蛇欲吞象,9
舍本求末,7
舍本事末,5
舍本逐末,7
舍近即远,5
舍近求远,5
舍近务远,5
舍弃,5
设心处虑,5
设心积虑,5
社会贤达,7
社鼠城狐,7
射利沽名,5
射影含沙,5
射鱼指天,5
涉案,8
涉嫌,5
矢口否认,8
摄威擅势,7
慑服,1
申雪,7
身败名隳,5
身败名裂,9
身不由己,8
身不由主,5
身不遇时,5
身单力薄,3
身废名裂,5
身故,7
身后,7
身名俱败,7
身名俱灭,5
身世,3
身首异地,5
身微力薄,5
身先朝露,5
身心交瘁,5
深闭固拒,5
深仇大恨,9
深仇宿怨,5
深仇重怨,7
深恶痛疾,5
深恶痛嫉,5
深根蟠结,7
深奸巨猾,5
深文傅会,5
深文巧诋,5
深文曲折,5
深文周纳,5
神不附体,5
神不收舍,5
神不守舍,5
神短气浮,5
神号鬼哭,5
神魂荡飏,5
神魂颠倒,3
神魂飘荡,5
神机鬼械,5
神奸巨蠹,9
神奸巨猾,5
神焦鬼烂,7
神经,5
神经病,5
神经错乱,5
神经兮兮,3
神经质,5
神眉鬼眼,5
神迷意夺,5
神气活现,7
神牵鬼制,5
神情不属,5
神权,5
神丧胆落,9
神伤,5
神逝魄夺,5
神思恍惚,5
神头鬼脸,5
神头鬼面,5
神譁鬼叫,5
神郁气悴,5
神志委靡,5
甚嚣尘上,5
渗入,3
蜃景,3
瘆人,1
升天,7
生搬硬套,5
生变,5
生番,3
生拉硬拽,1
生灵涂炭,9
生气,5
生前,5
生涩,3
生杀予夺,7
生事,3
生疏,3
生死存亡,9
生死难卜,8
生吞活剥,5
生吞蜈蚣－百爪挠心,9
生闲气,3
生硬,3
生造,3
声名狼藉,5
声气相通,5
声色贷利,7
声色狗马,7
声色货利,7
声色俱厉,5
声色犬马,7
声嘶力竭,5
声讨,5
盛名之下，其实难副,3
盛气凌人,5
盛筵难再,1
剩菜残羹,5
尸横遍野,9
尸禄素飡,5
尸禄素餐,5
尸位素餐,7
尸位误国,7
失策,3
失察,5
失宠,5
失当,3
失道寡助,5
失德,9
失掉,5
失范,3
失欢,5
失魂荡魄,5
失魂丧胆,9
失机,3
失检,3
失脚,1
失节,5
失禁,5
失惊倒怪,5
失精落彩,5
失敬,5
失口,3
失礼,3
失利,5
失恋,7
失迷,3
失密,5
失眠,5
失明,5
失陪,5
失窃,5
失去,5
失闪,5
失神,5
失慎,3
失声,7
失时,3
失时落势,5
失实,1
失势,3
失事,5
失手,5
失守,5
失算,5
失态,3
失望,8
失效,5
失信,3
失序,3
失学,5
失言,5
失业,5
失宜,3
失约,7
失张失志,5
失张失致,5
失张失智,5
失着,3
失之毫釐，差以千里,5
失之毫釐，差之千里,5
失之毫釐，谬以千里,5
失之交臂,5
失之千里，差若毫釐,5
失职,5
失足,3
师出无名,5
师老兵疲,3
师老民困,3
师心自用,3
诗书发冢,5
虱处裈中,5
狮子大开口,5
施暴,7
施绯拖绿,5
施威,5
十病九痛,5
十步九回头,7
十恶不赦,9
十恶五逆,5
十米九糠,5
十眠九坐,5
十生九死,5
十室九匮,5
十死不问,5
十羊九牧,5
十转九空,5
时不我与,5
时乖命蹇,7
实验主义,5
实用主义,5
实证主义,5
拾陈蹈故,5
拾人涕唾,5
拾人唾涕,5
拾人唾余,5
拾人牙慧,5
食不充肠,5
食不充饥,5
食不充口,5
食不甘味,3
食不果腹,7
食不遑味,5
食不厌精，脍不厌细,9
食不知味,5
食不终味,5
食而不化,7
食而不知其味,5
食古不化,7
食古如鲠,5
食品污染,5
食前方丈,7
食日万钱,7
食肉寝皮,9
食少事烦,7
食生不化,5
食荼卧棘,5
食物中毒,5
食言,5
食言而肥,5
食玉炊桂,3
食之无味，弃之可惜,5
食子徇君,7
蚀本,5
史弟阋于墙,7
矢口,5
豕窜狼逋,5
豕分蛇断,5
豕突狼奔,7
使乖弄巧,5
使坏,5
使酒骂坐,5
使酒骂座,5
使心彆气,5
使心用腹,5
使心作倖,5
使性傍气,5
使性谤气,5
使性摜气,5
使性子,3
使羊将狼,5
使嘴使舌,5
始乱终弃,9
始作俑者,9
屎流屁滚,5
屎屁直流,5
示弱,5
示众,3
世弊,3
世风日下,7
世故,5
世事纷扰,5
世殊事异,3
世俗,5
世态炎凉,9
市惠,5
市井无赖,5
市井小人,7
市井之徒,7
市侩,9
式微,5
似是而非,7
势不俱栖,5
势不两立,5
势成骑虎,5
势利,7
势利眼,7
势穷力蹙,5
势穷力屈,5
势如冰炭,5
势焰,7
势治,5
事不关己,1
事不关己，高高挂起,3
事大主义,5
事端,7
事故,5
事务主义,5
事与原违,5
饰非拒谏,5
饰非遂过,5
饰非文过,5
饰非掩过,5
饰非养过,5
饰垢掩疵,5
饰情矫行,7
饰智矜愚,5
视财如命,5
视丹如绿,7
视而不见,5
视而不见，听而不闻,9
视如敝屣,7
视如草芥,5
视如粪土,9
视如寇仇,7
视如陌路,5
视如土芥,5
视若草芥,7
视若儿戏,3
视若兒戏,5
视若路人,3
视若无睹,1
视同儿戏,5
视同兒戏,5
视同路人,7
视同陌路,5
视同秦越,5
视为兒戏,5
视为寇雠,5
视为畏途,3
视远步高,5
是非颠倒,5
是非口舌,5
适得其反,3
恃才傲物,5
恃强凌弱,7
恃勇轻敌,3
室怒市色,5
室人交谪,5
室如县罄,5
室如悬磬,3
室如悬罄,5
室徒四壁,5
逝者如斯,5
舐糠及米,5
舐皮论骨,7
释生取义,5
嗜杀成性,9
嗜血,9
嗜血成性,9
適得其反,5
適居其反,5
適情任欲,5
噬脐何及,7
收成弃败,5
收揽,5
收拢,5
收买,7
手不应心,5
手段,1
手高眼低,5
手黑,7
手脚不干净,9
手脚无措,5
手忙脚乱,9
手无缚鸡之力,9
手下败将,8
手眼通天,5
手泽之遗,7
手重,5
手足无措,5
手足重茧,5
守财奴,5
守旧,3
守钱虏,5
守缺抱残,5
守阙抱残,5
守株待免,3
守株待兔,9
首当其冲,7
首恶,7
首鼠两端,5
首鼠模棱,3
受罚,5
受过,5
受害,7
受贿,5
受窘,1
受骗,5
受气,5
受穷,5
受屈,5
受辱,5
受制,5
授柄於人,5
授人口实,5
授人以柄,5
售假,8
兽行,7
兽困则噬,5
兽心人面,5
兽性,7
瘦瘠,5
瘦弱,9
书生气十足,5
书生之见,5
舒头探脑,3
疏放,5
疏忽,3
疏阔,3
疏懒,5
输理,5
熟视无睹,5
蜀犬吠日,3
鼠辈,9
鼠臂虮肝,5
鼠窜,3
鼠窜蜂逝,7
鼠窜狗盗,5
鼠窜狼奔,5
鼠胆,9
鼠盗狗窃,5
鼠肚鸡肠,5
鼠腹鸡肠,5
鼠腹蜗肠,5
鼠肝虫臂,5
鼠迹狐踪,5
鼠类,7
鼠目寸光,9
鼠目麞头,5
鼠齧虫穿,5
鼠齧蠹蚀,5
鼠凭社贵,5
鼠窃狗盗,5
鼠窃狗偷,5
鼠雀之辈,7
鼠雀之牙,5
鼠入牛角,5
鼠屎汙羹,5
鼠首偾事,5
鼠偷狗盗,5
鼠心狼肺,5
鼠腥蜗肠,7
鼠穴寻羊,5
鼠牙雀角,7
束椽为柱,5
束缚,5
束教管闻,5
束马悬车,5
束蒲为脯,5
束手待毙,5
束手待死,5
束手缚脚,5
束手就毙,5
束手就困,5
束手就禽,5
束手就擒,5
束手就殪,5
束手旁观,5
束手束脚,5
束手束足,5
束手听命,5
束手无措,5
束手无计,5
束手自毙,5
束手坐视,5
束之高阁,3
树大招风,5
树倒根摧,5
树敌,5
树高招风,5
树同拔异,5
竖子,7
竖子成名,5
竖子成名　,7
数白论黄,5
数典忘祖,5
数短论长,5
数黑论黄,5
数黄道黑,3
数米而炊,5
数米量柴,9
刷单,8
耍花枪,3
耍花腔,1
耍花招,1
耍滑,3
耍滑头,1
耍奸,5
耍赖,5
耍弄,7
耍贫嘴,5
耍钱,5
耍手段,1
耍态度,5
耍无赖,5
耍笑,5
耍心眼儿,5
耍子,5
耍嘴皮子,5
衰替,3
衰颓,5
衰萎,5
衰朽,5
甩脸子,3
双凫一雁,5
霜凋夏绿,5
霜露之悲,5
霜露之感,5
爽然若失,5
水底捞月,5
水底捞针,5
水底摸月,5
水火兵虫,7
水火不相容,9
水泄不通,9
水性杨花,7
水至清则无鱼,1
水中捞月,5
水中捉月,5
吮痈舐痔,7
顺风使舵,5
顺风使帆,5
顺风转舵,5
顺口,3
顺口开河,5
顺手牵羊,3
顺水人情,1
顺我者昌，逆我者亡,5
顺我者生，逆我者死,5
说白道黑,5
说白道绿,5
说不过去,3
说地谈天,5
说短论长,7
说风凉话,5
说黄道黑,5
说谎,5
说教,3
说客,5
说情,5
说三道四,7
说是道非,5
说是弄非,5
说是谈非,5
说闲话,5
说长道短,5
说嘴,5
说嘴打嘴,7
司马青衫,5
司马昭之心,5
私奔,5
私弊,5
私娼,5
私党,5
私话,5
私货,5
私见,3
私了,5
私利,5
私念,3
私情,5
私生子,5
私通,7
私图,5
私吞,5
私窝子,5
私下,7
私下里,9
私相授受,5
私枭,5
私心,5
私心杂念,5
私刑,5
私欲,3
私自,3
思凡,5
思妇病母,5
思归其雌,5
思深忧远,7
斯文扫地,9
厮混,5
死败涂地,5
死板,3
死板板,9
死别生离,5
死不足惜,7
死沉沉,9
死地,5
死而无侮,7
死告活央,5
死灰复燃,9
死灰槁木,5
死眉瞪眼,5
死模活样,5
死脑筋,9
死皮赖脸,7
死乞白赖,5
死乞百赖,5
死气白赖,5
死气沉沉,5
死求白赖,5
死求百赖,5
死去活来,9
死声活气,5
死声咷气,5
死声淘气,5
死死,9
死顽固,5
死亡,8
死无对证,3
死无葬身之地,9
死心眼,3
死心眼儿,3
死性,9
死样活气,5
死一般,9
死硬,5
死硬派,3
死有余辜,9
死有余僇,9
死有余责,5
死有余诛,7
死有余罪,5
四壁萧然,5
四分五裂,1
四海鼎沸,7
四郊多垒,7
四面楚歌,9
四体不勤，五谷不分,7
伺瑕导蠙,5
伺瑕抵蠙,5
俟河之清,9
肆行,5
肆虐,7
肆扰,5
肆无忌惮,9
肆言詈辱,7
肆言谩骂,7
肆言如狂,5
肆意,1
肆意横行,7
肆意妄为,7
騃童钝夫,5
松垮,9
松垮垮,9
松散,3
松散散,7
松松垮垮,7
松懈,3
怂恿,3
耸人听闻,3
送旧迎新,5
送去迎来,1
送人情,5
送往迎来,1
搜肠刮肚,3
搜根剔齿,7
搜刮,5
搜章擿句,5
嗾使,7
俗不可耐,7
俗不可医,7
俗气,5
俗套,5
俗下文字,5
夙仇,7
夙世冤业,9
夙世怨家,7
诉苦,5
肃杀,3
素口骂人,5
酸不溜丢,5
酸臭,9
酸刻,9
酸涩,9
酸文假醋,3
算计,7
算帐,5
隋珠弹雀,7
随便,5
随波逐尘,7
随波逐浪,7
随波逐流,5
随方逐圆,5
随风倒,5
随风倒舵,5
随风使舵,9
随风逐浪,7
随风转舵,9
随近逐便,1
随人作计,5
随声吠影,7
随声附和,3
随声趋和,7
随声是非,3
随世沈浮,7
随俗沉浮,3
随俗浮沈,7
随俗沈浮,7
随心所欲,3
随珠弹雀,7
岁不我与,7
遂非文过,7
遂迷不寤,7
遂迷忘反,9
碎骨粉尸,9
碎尸万段,9
碎瓦穨垣,5
碎心裂胆,9
碎嘴子,5
损兵折将,3
损公肥私,7
损害,5
损毁,5
损人,5
损人肥己,9
损人害己,7
损人利己,7
损人利已,9
损人益己,7
损伤,5
损上益下,9
损之又损,9
梭天摸地,7
缩手缩脚,9
缩头缩脑,5
缩头缩尾,3
所费不赀,7
索垢寻疵,7
索贿,7
索寞,3
索赔,8
索然乏味,9
索然寡味,9
索然无味,5
琐碎,3
锁链,5
塌台,5
踏故習常,7
抬杠,5
太平无象,7
太随便,9
太岁头上动土,7
汰劣留良,7
泰山梁木,7
坍台,7
贪杯,3
贪财好贿,7
贪财好色,7
贪财恋色,7
贪吃,3
贪吃懒做,9
贪大求全,7
贪得无厌,7
贪多务得,7
贪而无信,7
贪夫徇财,9
贪夫狥财,7
贪夫殉财,7
贪夫殉利,9
贪功起釁,7
贪官,5
贪官蠹役,9
贪官污吏,9
贪花恋酒,5
贪欢逐乐,7
贪贿,5
贪贿无艺,7
贪婪,7
贪婪无厌,7
贪吏猾胥,9
贪戾无厌,7
贪惏无餍,7
贪名爱利,7
贪名逐利,7
贪墨,5
贪墨败度,9
贪墨成风,9
贪求,7
贪求无厌,7
贪求无已,7
贪荣慕利,7
贪如虎狼,7
贪色,3
贪生,5
贪生恶死,9
贪生怕死,7
贪生畏死,9
贪声逐色,7
贪天之功,7
贪图,5
贪猥无厌,7
贪位慕禄,9
贪污,7
贪污犯,5
贪污腐化,9
贪小,3
贪小失大,5
贪心,7
贪心不足,7
贪汙狼藉,7
贪欲,5
贪欲无厌,7
贪欲无艺,7
贪赃坏法,7
贪赃枉法,9
贪脏,5
贪嘴,3
摊书拥百城,7
昙花一现,3
谈过其实,7
谈空说有,3
谈优务劣,5
忐上忑下,7
忐忑不定,7
袒护,3
袒裼裸裎,5
叹老嗟卑,7
探囊胠箧,5
探头缩脑,3
探头探脑,3
唐突,3
堂而皇之,8
堂皇冠冕,7
搪塞,5
糖弹,3
糖衣炮弹,7
螳臂当车,1
傥荡,5
滔天,7
韬晦之计,3
饕风虐雪,3
饕口馋舌,5
逃奔,5
逃避,5
逃兵,5
逃窜,3
逃遁,5
逃犯,5
逃废,8
逃命,5
逃难,5
逃匿,5
逃跑,5
逃票,5
逃散,3
逃税,5
逃亡,5
逃学,5
逃逸,5
逃之夭夭,5
桃代李僵,1
桃李之馈,5
桃色,5
陶犬瓦鸡,7
陶陶兀兀,5
梼昧,5
淘神,3
讨便宜,5
讨好,1
讨价还价,1
讨流溯源,7
讨人嫌,8
讨是寻非,7
讨嫌,3
讨厌,7
套购,5
套话,5
套汇,5
套交情,5
忑忑忐忐,5
腾腾兀兀,5
腾云驾雾,7
剔蝎撩蜂,7
啼天哭地,9
题名道姓,5
鶗鴂彫卉,7
体罚,5
体规画圆,7
体力不支,7
体无完肤,7
体无完皮,7
涕零如雨,9
涕泗滂沲,9
惕励,7
替古人担忧,5
替古人耽忧,7
替罪羊,3
天安门事件,5
天崩地坼,5
天崩地解,7
天崩地塌,9
天崩地坍,7
天崩地陷,7
天才论,3
天愁地惨,9
天打雷劈,9
天道宁论,7
天低吴楚，眼空无物,5
天地诛戮,9
天地诛灭,9
天夺之年,9
天翻地覆,7
天方夜谭,5
天高皇帝远,7
天花乱坠,3
天华乱坠,7
天昏地暗,5
天昏地黑,9
天荆地棘,7
天理难容,9
天末凉风,7
天年不测,7
天年不齐,7
天年不遂,7
天怒人怨,7
天壤王郎,7
天壤王朗,1
天粟马角,9
天台路迷,3
天坍地陷,7
天下本无事，庸人自扰之,5
天下大乱,9
天下乌鸦一般黑,9
天下箸处,7
天险,3
天晓得,7
天有不测风云,3
天之僇民,9
天之戮民,9
天诛地灭,9
添醋加油,7
添堵,5
添乱,5
添盐着醋,5
添油炽薪,7
添油加醋,7
添枝加叶,7
添枝接叶,7
添枝增叶,7
恬不知耻,9
恬不知愧,7
恬不知羞,7
甜嘴蜜舌,5
靦颜人世,7
靦颜事仇,5
佻薄,5
佻达,5
佻巧,3
挑拨,5
挑拨离间,5
挑茶斡刺,7
挑脣料嘴,7
挑刺儿,5
挑动,7
挑肥拣瘦,5
挑精拣肥,5
挑毛拣刺,3
挑么挑六,7
挑弄,7
挑三拨四,7
挑三豁四,7
挑三拣四,5
挑三检四,5
挑三嫌四,5
挑食,3
挑唆,5
挑剔,5
挑衅,5
挑牙料脣,7
挑眼,3
挑字眼儿,5
条条框框,7
调拨,5
调脣弄舌,5
调词架讼,5
调情,5
调三惑四,5
调三窝四,5
调三斡四,5
调唆,7
调停两用,5
调戏,7
调笑,5
调嘴弄舌,5
调嘴调舌,5
调嘴学舌,5
跳脚,9
跳梁,5
跳梁小丑,3
跳踉,7
贴金,7
铁公鸡,5
铁公鸡一毛不拔,9
铁幕,5
铁石心肠,9
铁蹄,7
铁腕,5
铁心木肠,7
铁血政策,3
听而不闻,5
听风是雨,3
听人穿鼻,5
听任,5
听天任命,5
听天由命,1
听信,5
听之任之,5
停闭,5
停学,5
停业,5
停云落月,7
停滞,3
挺胸凸肚,7
通病,5
通风报讯,7
通风讨信,7
通缉,5
通奸,5
通同作弊,7
同敝相济,7
同尘合汙,7
同床各梦,7
同床异梦,5
同恶,8
同恶共济,7
同恶相党,7
同恶相济,7
同恶相求,7
同恶相恤,7
同归于尽,1
同伙,3
同类相妒,7
同流合污,7
同流合汙,7
同美相妒,5
同谋,5
同气相求,9
同室操戈,7
同业相仇,7
铜臭,5
铜臭满身,5
铜驼草莽,7
捅娄子,7
痛定思痛,9
痛恶,7
痛击,5
偷安,5
偷安旦夕,7
偷盗,7
偷东摸西,7
偷工减料,5
偷合苟从,7
偷合苟容,5
偷鸡盗狗,7
偷鸡摸狗,7
偷懒,3
偷梁换柱,7
偷媚取容,7
偷摸,7
偷窃,7
偷情,9
偷生,5
偷声细气,7
偷税,5
偷天换日,5
偷偷,9
偷偷摸摸,5
偷袭,7
偷闲,5
偷闲躲静,5
偷香窃玉,7
偷嘴,7
头出头没,7
头会箕赋,7
头会箕敛,7
头焦额烂,7
头面人物,5
头难,7
头脑发热,3
头破血出,7
头破血流,7
头上安头,7
头上著头,7
头梢自领,5
头稍自领,5
头痛额热,3
头痛灸头，脚痛灸脚,5
头痛医头，脚痛医脚,5
头痛治头，足痛治足,7
头痒搔跟,7
头重脚轻,7
头子,5
投畀豺虎,9
投敌,7
投膏止火,7
投机倒把,7
投机取巧,5
投机主义,5
投间抵隙,7
投井下石,5
投阱下石,7
投卵击石,9
投其所好,3
投石下并,7
投石下井,7
投鼠忌器,1
投鼠之忌,7
投隙抵巇,7
投隙抵罅,7
投章摘句,5
透顶,7
图财害命,9
图谋,7
图谋不轨,5
图穷匕见,3
图作不轨,7
荼毒,7
荼毒生灵,9
徒读父书,8
徒负虚名,5
徒劳,5
徒劳往返,5
徒劳无功,9
徒劳无益,9
徒乱人意,7
徒然,9
徒讬空言,5
徒托空言,5
徒托生言,8
徒拥虚名,5
徒有其名,7
徒有虚名,7
徒宅忘妻,7
徒子徒孙,5
途穷日暮,9
涂炭,7
涂脂抹粉,3
屠夫,5
屠戮,7
屠杀,7
土包子,7
土崩瓦解,7
土鳖,5
土蚕,9
土得掉渣,9
土匪,5
土狗子,5
土棍,5
土豪,5
土豪劣绅,7
土皇帝,9
土鸡瓦狗,7
土鸡瓦犬,5
土阶茅屋,3
土里土气,3
土龙刍狗,5
土龙沐猴,7
土牛木马,5
土牛石田,5
土偶蒙金,7
土气,5
土石方,7
土司制度,9
土专家,5
吐刚茹柔,7
吐丝自缚,7
吐珠於泽，谁能不含,5
兔角龟毛,5
兔角牛翼,5
兔丝燕麦,5
兔死狗烹,7
兔死狐悲,3
兔死犬饥,7
兔头麞脑,7
兔崽子,5
兔子尾巴长不了,5
团伙,5
团团转,7
抟空捕影,7
抟沙嚼蜡,7
抟香弄粉,7
推波助澜,3
推波作浪,5
推东主西,7
推枯折腐,9
推聋妆哑,7
推聋作哑,7
推三推四,7
推三阻四,5
推天抢地,5
推委,5
推卸,5
推谢,5
推延,5
颓败,5
颓放,5
颓废主义,7
颓风,5
颓靡,3
颓丧,1
颓势,3
颓唐,5
颓垣败壁,7
颓垣败井,9
颓垣断堑,9
颓垣废井,9
颓垣废址,5
腿子,7
退步,3
退化,3
退坡,5
退却,5
退缩,5
退有后言,5
蜕化,3
蜕化变质,9
褪套儿,5
吞剥,7
吞风饮雨,7
吞没,5
吞声忍气,7
吞声饮恨,7
吞声饮气,7
吞声饮泣,7
吞吞吐吐,3
吞言咽理,7
吞云吐雾,3
吞舟漏网,9
吞舟是漏,9
屯积居奇,7
屯街塞巷,5
屯毛不辨,7
囤积居奇,5
讬凤攀龙,7
讬公报私,7
讬公行私,7
讬于空言,5
讬之空言,5
讬诸空言,5
托庇,5
托病,5
托陈取消派,5
托福,5
托故,5
托马斯主义,5
托派,5
拖后腿,7
拖拉,3
拖累,5
拖泥带水,5
拖欠,5
拖人下水,5
拖延,5
脱班,5
脱轨,5
脱漏,5
脱误,3
唾壶击缺,7
唾壶敲缺,7
唾骂,7
唾面自干,5
唾面自乾,7
唾弃,7
挖耳当招,9
挖空心思,1
挖苦,1
挖墙脚,5
挖肉补疮,9
瓦查尿溺,9
瓦釜雷鸣,9
瓦解,5
瓦解冰泮,9
瓦解冰销,9
瓦器蚌盘,7
瓦全,5
瓦影鱼,9
瓦影龟鱼,5
歪八竖八,7
歪不横楞,7
歪缠,3
歪打正着,7
歪道,7
歪风,5
歪风邪气,7
歪理,5
歪门邪道,5
歪曲,5
歪歪扭扭,5
歪斜,5
歪心邪意,7
外方内员,7
外方内圆,8
外感内伤,7
外祸,5
外彊中乾,7
外宽内忌,7
外宽内深,7
外厉内荏,7
外强中干,7
外强中瘠,7
外强中乾,7
外巧内嫉,7
外侮,5
外遇,5
剜肉补疮,7
剜肉成疮,7
剜肉生疮,7
剜肉医疮,7
剜肉做疮,7
刓方为圆,7
纨绔子弟,7
完蛋,5
玩兵黩武,9
玩儿完,5
玩故習常,7
玩忽,7
玩忽职守,7
玩花样,1
玩火自焚,3
玩弄,5
玩日愒时,7
玩时愒日,7
玩时贪日,7
玩世不恭,7
玩岁愒日,7
玩岁愒时,7
玩岁愒月,7
玩物丧志,7
玩狎,7
顽敌,5
顽钝,5
顽父嚚母,7
顽梗,5
顽梗不化,7
顽固,3
顽固不化,7
顽固派,5
顽抗,3
顽劣,5
顽皮赖骨,7
顽皮赖肉,7
顽皮贼骨,7
晚节不终,7
万不得已,7
万恶,7
万箭攒心,9
万马齐喑,5
万民涂炭,9
亡不旋跬,7
亡不旋踵,7
亡国,5
亡国大夫,7
亡国灭种,9
亡国奴,5
亡国之器,7
亡国之社,7
亡国之声,7
亡国之音,7
亡魂失魄,9
亡可奈何,7
亡命,7
亡命之徒,7
亡猿祸木,7
亡猿灾木,7
王八,7
王八蛋,7
网漏吞舟,7
枉尺直寻,7
枉道事人,9
枉法,7
枉费,5
枉费工夫,7
枉费心机,9
枉费心计,7
枉费心力,7
枉己正人,7
枉矫过激,7
枉口拔舌,7
枉口嚼舌,7
枉口诳舌,7
枉墨矫绳,7
枉辔学步,7
枉曲直凑,9
枉然,9
枉突徙薪,7
枉物难消,7
枉直同贯,7
惘然若失,5
妄称,7
妄动,5
妄断,5
妄念,5
妄求,3
妄取,5
妄人,5
妄说,5
妄谈祸福,7
妄图,3
妄为,5
妄下雌黄,7
妄想,3
妄言,5
妄言妄听,7
妄语,5
妄自尊大,3
忘本,5
忘恩背义,7
忘恩负义,7
忘恩失义,7
忘乎其形,7
忘其所以,5
忘情负义,7
忘形,5
忘义,5
望尘拜伏,7
望尘奔北,7
望尘奔溃,7
望尘不及,7
望尘靡及,7
望尘僄声,7
望而却步,3
望而生畏,7
望风捕影,3
望风承旨,5
望风而遁,7
望风而靡,7
望风而逃,5
望风而走,5
望风破胆,5
望风希旨,7
望风希指,7
望峰息心,7
望空捉影,7
望梅阁老,7
望秋先零,3
望文生训,7
望文生义,5
望岫息心,7
望洋而叹,7
危殆,7
危机,5
危机四伏,9
危机重重,9
危局,8
危如累卵,9
危言耸听,3
危言竦论,7
危在旦夕,9
威风扫地,7
威迫,5
威迫利诱,9
威吓,5
威胁,5
威信扫地,5
威刑肃物,7
威重令行,7
偎红倚翠,7
偎慵堕懒,7
微不足道,5
微词,5
微辞,5
微乎其微,7
微贱,5
微文深诋,5
为丛驱雀,9
为德不终,7
为德不卒,9
为恶不悛,9
为法自弊,7
为非作歹,5
为非作恶,7
为富不仁,7
为鬼为蜮,9
为害,7
为好成歉,7
为虎傅翼,8
为虎添翼,7
为虎作伥,7
为虎作张,7
为虺弗摧,7
为难,5
为人作嫁,7
为山止篑,9
为蛇画足,7
为蛇添足,7
为所欲为,5
为渊驱鱼,9
为渊驱鱼，为丛驱爵,9
为渊驱鱼，为丛驱雀,9
违背,7
违法,8
违法乱纪,7
违反,5
违犯,5
违规,5
违害就利,7
违纪,5
违建,8
违禁,5
违抗,5
违例,8
违拗,5
违强陵弱,7
违天悖理,9
违天悖人,9
违天害理,9
违天逆理,9
违条犯法,5
违条舞法,7
违宪,5
违乡负俗,7
违心,5
违心之论,7
违约,8
违章,8
帏薄不修,9
帏箔不修,7
唯利是求,7
唯利是视,7
唯利是图,7
唯命是从,7
唯命是听,7
唯所欲为,7
唯唯否否,3
唯唯连声,5
唯唯诺诺,7
唯我独尊,9
唯吾独尊,9
帷薄不修,9
帷箔不修,9
帷灯箧剑,7
帷灯匣剑,7
帷幕不修,9
惟利是命,9
惟利是求,7
惟利是趋,9
惟利是视,7
惟利是图,5
惟命是从,7
惟命是听,7
惟日不足,9
惟日为岁,9
惟所欲为,9
惟我独尊,7
伪军,7
伪君子,7
伪劣,3
伪善,5
伪书,5
伪造,3
伪证,8
伪政权,7
尾巴主义,5
尾大不掉,7
尾大难掉,7
委国听令,9
委过,5
委过于人,5
委靡,1
委靡不振,9
委屈求全,5
委肉虎蹊,5
委琐,7
委罪,5
萎靡,3
萎靡不振,5
猥鄙,9
猥词,7
猥辞,7
猥贱,9
猥劣,7
猥陋,3
猥琐,9
猥亵,7
未成熟,5
未成一篑,9
未达一间,9
未风先雨,7
未经批准,8
未经授权,8
未经证实,8
未竟之志,9
未能免俗,5
未受过教育,9
未形之患,5
未知万一,9
未足轻重,5
位卑言高,5
味道不好,9
味如嚼蜡,7
味同嚼蜡,3
畏敌如虎,7
畏首畏尾,5
畏缩不前,5
畏威怀德,7
畏葸不前,5
猬辞,5
魏鹊无枝,7
温吞,5
瘟神,5
文不对题,5
文抄公,5
文牍主义,5
文过其实,7
文过饰非,5
文过遂非,7
文化大革命,5
文化买办,5
文奸济恶,7
文侩,3
文婪武嬉,7
文痞,3
文人相轻,3
文山会海,7
文身断发,7
文身剪发,7
文身翦发,7
文恬武嬉,5
文通残锦,3
文武差事,7
文字狱,5
闻风而逃,5
闻风破胆,9
闻风远遁,9
闻风远扬,3
闻雷失箸,8
闻噎废食,7
紊乱,3
问道於盲,7
问道于盲,7
问鼎,5
问官答花,7
问柳评花,7
问柳寻花,7
问舍求田,7
问心有愧,5
问长问短,3
问诸水滨,7
瓮尽杯乾,7
瓮里醯鸡,9
瓮声甕气,7
瓮天蠡海,7
瓮天之见,7
瓮牖绳枢,5
倭寇,5
窝点,7
窝工,5
窝囊,7
窝囊废,7
窝心,5
窝赃,7
窝主,7
蜗行牛步,3
蜗角虚名,5
蜗名微利,5
蜗舍荆扉,3
我行我素,5
我靠,5
我吐,5
捰袖揎拳,5
卧不安席,9
卧榻之侧，岂容他人鼾睡,7
握风捕影,7
握拳透掌,9
握拳透爪,9
龌龊,9
乌踆兔走,7
乌飞兔走,7
乌龟,7
乌合之众,5
乌集之交,7
乌集之众,7
乌七八糟,7
乌天黑地,7
乌压压,9
乌烟瘴气,3
乌焉成马,3
乌有先生,5
污点,5
污毒,5
污秽,7
污泥浊水,7
污七八糟,9
污染,5
污手垢面,5
污浊,3
呜鼓而攻攻之,6
呜呼哀哉,3
呜呼噫嘻,7
诬告,5
诬害,7
诬赖,7
诬蔑,5
诬枉,7
诬罔,7
诬陷,9
诬栽,7
屋漏偏遭连夜雨,7
屋下架屋,3
屋下作屋,7
无般不识,7
无背无侧,5
无病呻吟,3
无病自灸,3
无肠可断,9
无常,9
无诚意,9
无耻,9
无耻之徒,7
无耻之尤,9
无从措手,7
无从下手,7
无道德观念,9
无的放失,1
无的放矢,3
无地可容,9
无地自处,9
无地自厝,9
无地自容,9
无动於中,7
无动於衷,7
无动于衷,3
无洞掘蟹,7
无毒不丈夫,7
无独有偶,3
无度,7
无端端,9
无恶不为,9
无恶不造,9
无恶不作,7
无法无天,9
无方,5
无方之民,7
无风起浪,7
无风生浪,5
无风扬波,7
无风作浪,7
无服之殇,7
无父无君,9
无根据,9
无根之木，无源之水,5
无功而禄,7
无功受禄,7
无故,9
无故呻吟,7
无关大局,9
无关痛痒,9
无涵养,9
无行,7
无何有乡,7
无何有之乡,7
无恒,3
无火之炊,7
无稽,5
无稽之谈,7
无计可奈,7
无计奈何,7
无纪律,9
无家可奔,7
无家无室,7
无价值,5
无间可乘,7
无教养,9
无节制,9
无精汀采,5
无可辩驳,5
无可救药,7
无可奈何,7
无可奈何花落去,7
无可柰何,7
无空不入,7
无孔不钻,7
无口才,9
无赖,9
无了根蒂,7
无了无休,7
无礼,5
无理,1
无理取闹,7
无立足之地,5
无毛大虫,7
无米之炊,7
无面目见江东父老,9
无名小辈,7
无名小卒,7
无名之师,7
无明业火,7
无目的,9
无能,5
无能为力,7
无能为役,7
无能之辈,5
无凭无据,9
无钱吃酒，妒人面赤,5
无情,7
无情少面,7
无情无绪,7
无情无义,7
无拳无勇,5
无人过问,9
无人之地,7
无人之境,7
无任之禄,7
无容身之地,7
无如奈何,7
无如之何,7
无如之奈,7
无实效,9
无实质,9
无事生非,5
无事生事,7
无视,3
无私有弊,7
无所不为,5
无所不用其极,7
无所不用其极度,9
无所不至,3
无所不作,7
无所措手,9
无所措手足,5
无所错手足,9
无所忌惮,7
无所施其伎,7
无所施其技,7
无所事事,7
无所适从,3
无所用心,5
无所用之,7
无所重轻,7
无所作为,7
无特色,3
无天无日,9
无天於上，无地於下,7
无妄之灾,5
无望,8
无味,1
无吸引力,5
无下箸处,7
无效,5
无形之罪,9
无休无了,7
无依无靠,9
无倚无靠,7
无影无踪,5
无用武之地,7
无语,5
无证据,9
无知,7
无知妄作,7
无志,3
无中生有,5
无足轻重,7
无足重轻,7
无作不为,3
芜鄙,5
芜劣,5
芜杂,5
吴牛喘月,7
吴市吹箫,3
吴下阿蒙,5
梧鼠五技,3
無語,5
五斗折腰,7
五毒惧全,9
五谷不分,5
五鬼闹判　,5
五马分尸,5
五内俱焚,9
五内如焚,9
忤逆,5
武断,5
侮慢,5
侮蔑,7
舞弊,5
舞文弄法,5
舞文弄墨,5
舞文巧诋,7
舞文饰智,5
舞爪张牙,7
兀傲,5
物以类聚　,5
物欲横流,7
误场,5
误导,5
误点,5
误国殄民,9
误国殃民,9
误解,5
误入歧途,5
误事,5
雾鳞云爪,5
西风,5
西化,3
西洋景,5
西崽,3
吸毒,5
吸血鬼,7
析辨诡词,7
析辩诡辞,7
析交离亲,5
析律舞文,7
析言破律,5
奚落,7
惜指失掌,5
稀烂,3
稀里糊涂,9
稀松,3
稀碎,3
嘻皮涎脸,7
嘻皮笑脸,7
嘻笑怒骂,7
嬉皮士,3
嬉皮笑脸,1
嬉笑怒骂,6
习气,1
习染,7
袭击,8
袭警,8
袭人故技,5
袭人故智,5
洗垢求瘢,5
洗垢求瑕,5
洗垢球瘢,7
洗垢索瘢,7
洗劫,3
洗雪逋负,7
徙宅忘妻,7
喜怒无常,1
喜新厌故,5
喜新厌旧,5
戏剧化,9
戏剧性,9
戏弄,7
戏耍,3
戏子,5
系风捕影,5
系缚,3
细大不捐,5
细弱,3
瞎扯,5
瞎吹,5
瞎胡闹,3
瞎话,3
瞎闹,5
瞎说,7
瞎抓,5
瞎子摸象,5
狎妓,3
狎昵,5
狎亵,5
柙虎樊熊,5
狭隘,5
狭路相逢,8
狭小,3
瑕疵,5
瑕玷,3
黠棍,7
黠慧,5
下场,5
下车作威,5
下等,3
下贱,9
下脚货,3
下陵上替,5
下流,7
下品,3
下气怡声,1
下三烂,7
下三滥,9
下药,5
下作,7
吓人,3
夏虫不可以语冰,5
夏虫疑冰,5
夏虫语冰,5
夏日可畏,3
罅漏,5
罅隙,1
仙山琼阁,7
先睹为快,7
先入为主,1
先入之见,1
先天不足,1
先意承颜,7
先意承旨,5
先意承指,7
先意承志,5
纤弱,5
鲜廉寡耻,7
鲜衣良马,5
鲜衣美食,5
鲜衣怒马,5
闲花埜草,5
闲花野草,5
闲话,1
闲磕牙,6
闲散,1
闲神野鬼,3
闲言淡语,5
闲言冷语,5
闲言碎语,1
弦外之音,7
涎脸餳眼,5
涎脸涎皮,7
涎眉邓眼,7
涎皮涎脸,7
涎言涎语,7
涎着脸,5
痫入骨髓,9
嫌恶,7
嫌好道恶,5
嫌好道歉,5
嫌忌,5
嫌贫爱富,5
嫌厌,3
嫌疑,8
嫌疑犯,1
嫌憎,5
嫌长道短,5
显摆,3
显形,5
险毒,1
险厄,3
险恶,7
险僻,5
险峭,1
险象,5
险象环生,7
险诈,7
险兆,5
险症,5
险阻,5
险阻艰难,1
现成饭,5
现成话,5
现臭,5
现行,3
现行犯,3
现话,5
现世,5
现形,3
现钟不打,3
现钟弗打,5
陷害,8
陷阱,5
陷身,5
陷身囹圄,7
献媚,5
乡壁虚造,5
乡利倍义,5
乡愿,5
相持不下,3
相煎何急,9
相惊伯有,7
相求,8
相提并论,7
相形见绌,3
相形失色,3
享乐,3
响马,5
想当然,3
想入非非,3
向壁虚造,5
向火乞儿,5
向着,5
项背相望,5
项庄舞剑，意在沛公,5
象齿焚身,7
像煞有介事,5
橡饭菁羹,5
橡皮图章,5
橡茹藿歠,5
枭蛇鬼怪,5
枭心鹤貌,5
哓哓,5
哓哓不休,7
逍遥法外,5
逍遥自娱,3
鸮鸣鼠暴,7
鸮鸟生翼,9
鸮心鸝舌,5
消极,5
消损白日,5
宵小,5
萧规曹随,5
萧墙之危,7
萧然,3
萧索,5
销魂夺魄,9
销神流志,7
嚣浮,5
嚣闹,3
嚣杂,3
嚣张,7
淆惑,7
淆惑视听,5
淆乱,3
小报告,5
小辫子,5
小抄儿,3
小丑,5
小丑跳梁,7
小动作,5
小肚鸡肠,7
小恩小惠,3
小己得失,1
小家子气,5
小家子相,7
小看,1
小里小气,5
小绺,3
小气,7
小气鬼,5
小瞧,1
小觑,3
小圈子,5
小人,5
小视,1
小题大作,7
小题大做,7
小巫见大巫,9
小黠大痴,7
小鞋,5
小心眼,7
小心眼儿,9
小崽子,3
小贼,8
晓风残月,3
笑里藏刀,9
笑面虎,5
笑面夜叉,5
效率很差,9
效颦,5
效颦学步,5
效尤,7
歇菜,3
协私罔上,9
邪财,5
邪道,7
邪恶,9
邪行,1
邪路,7
邪门,5
邪门歪道,7
邪魔,5
邪魔怪道,7
邪魔歪道,7
邪魔外道,5
邪念,7
邪僻,7
邪曲,5
邪祟,5
邪心,7
胁持,3
胁从,5
胁肩谄笑,7
胁肩低眉,5
胁肩低首,5
胁迫,5
斜楞,3
斜路,5
携贰,5
携泰山以超北海,3
泄愤,3
泄露,5
泄密,5
泻肚,1
卸磨杀驴,5
卸任,5
卸责,5
械斗,7
械系,9
亵渎,7
懈弛,5
懈怠,5
懈劲,5
懈气,5
心不应口,5
心不在焉,3
心胆俱碎,9
心荡神迷,7
心地狭窄,7
心毒,9
心烦虑乱,7
心烦意冗,7
心浮,1
心浮气粗,7
心浮气盛,7
心腹之患,5
心高气傲,5
心寒胆落,9
心寒胆战,9
心黑手辣,9
心狠,5
心狠手毒,7
心狠手辣,9
心怀鬼胎,7
心怀叵测,3
心慌撩乱,7
心慌意急,7
心灰意懒,5
心惊胆寒,9
心惊胆裂,9
心惊胆落,9
心口不一,3
心辣手狠,7
心劳日拙,5
心劳意攘,7
心劳意冗,7
心乔意怯,7
心如刀剉,5
心如刀搅,5
心如刀锯,5
心如火焚,9
心如蛇蝎,7
心如铁石,7
心如悬旌,5
心神不宁,5
心神恍惚,5
心术,5
心术不端,7
心术不正,5
心头鹿撞,7
心头撞鹿,7
心为形役,5
心胸狭隘,9
心胸狭窄,7
心虚,3
心绪不宁,5
心血来潮,3
心眼多,3
心眼儿小,9
心眼小,9
心硬,5
心慵意懒,7
心有余而力不足,3
心有余悸,6
心猿意马,3
心殒胆落,9
心窄,7
心中无数,5
新仇旧恨,7
新愁旧恨,9
伈伈睍睍,8
信口雌黄,9
信口胡言,3
信口开河,3
衅发萧墙,7
釁稔恶盈,9
惺惺作态,7
腥臭,3
腥风血雨,7
腥臊,3
腥膻,3
刑拘,8
刑辱,7
刑事拘留,8
形容憔悴,3
形锁骨立,5
形同路人,9
形影相吊,9
兴讹造讪,9
兴风作浪,7
兴如嚼蜡,7
兴师动众,5
兴味素然,5
兴妖作怪,7
兴妖作乱,7
幸臣,5
幸灾乐祸,7
性格内向,9
性情急躁,9
倖灾乐祸,5
凶暴,7
凶残,7
凶毒,3
凶多吉少,9
凶恶,3
凶犯,5
凶悍,3
凶狠,5
凶横,3
凶狂,3
凶蛮,9
凶年,5
凶年恶岁,3
凶虐,3
凶气,5
凶器,5
凶杀,5
凶煞,7
凶神恶煞,7
凶手,5
凶险,7
凶相,5
凶相毕露,5
凶焰,5
凶宅,5
凶兆,5
兄弟阋墙,7
汹汹,7
胸无大志,7
胸无点墨,9
胸中鳞甲,9
胸中无数,5
雄心豹胆,5
熊包,5
羞惭,5
羞耻,5
羞人答答,3
羞辱,8
羞与为伍,5
朽败,7
朽腐,3
朽坏,3
朽迈,5
朽木,3
朽木不雕,5
朽木不可雕,7
朽木粪墙,3
朽木粪土,5
朽木难彫,7
朽木死灰,5
宿弊,5
袖手旁观,3
绣花枕头,5
褎如充耳,7
盱衡厉色,9
虚报,5
虚词诡说,9
虚度,5
虚度年华,5
虚费词说,8
虚浮,3
虚构,5
虚华,5
虚话,5
虚谎,5
虚假,3
虚骄,7
虚骄恃气,7
虚夸,5
虚诳,5
虚列,8
虚名,5
虚倩假意,9
虚怯,3
虚情假意,9
虚荣,7
虚荣心,7
虚设,5
虚饰,5
虚谈高议,5
虚妄,5
虚伪,9
虚无缥缈,9
虚无飘渺,9
虚悬,5
虚言,5
虚应故事,5
虚有其表,3
虚与委蛇,5
虚造,5
虚增,8
虚诈,5
虚张声势,5
虚掷,5
虚掷光阴,5
续貂,3
絮叨,9
絮烦,1
絮聒,9
絮絮,5
絮絮叨叨,3
絮语,5
蓄谋,7
蓄意,7
轩鹤冠猴,7
轩然大波,7
揎拳捋袖,9
喧宾夺主,5
喧扰,5
喧天,9
喧嚣一时,3
喧杂,9
喧噪,9
儇薄,5
玄奥,9
玄而又玄,9
玄乎,3
玄妙,9
玄虚,3
悬肠挂肚,7
悬断是非,3
悬驼就石,3
悬心吊胆,7
悬崖峭壁,7
悬羊头，卖狗肉,7
炫惑,5
炫弄,5
炫耀,9
炫玉贾石,9
眩惑,5
衒玉贾石,3
衒玉求售,3
衒玉自售,3
削木为吏,9
削足适履,7
学步邯郸,3
学识谫陋,9
学识浅薄,9
雪窖冰天,7
雪虐风饕,9
雪上加霜,9
血口,5
血口喷人,7
血泪盈襟,9
血流成河,5
血流漂杵,5
血气方刚,5
血腥,5
血雨腥风,9
血债累累,9
谑而不虐,7
熏天赫地,9
寻弊索瑕,7
寻花问柳,7
寻欢作乐,7
寻死觅活,7
寻章摘句,3
循规蹈矩,3
训斥,5
驯化,5
徇情枉法,5
徇私舞弊,7
逊色,3
压良为贱,5
压榨,7
压制,7
睚眦之怨,7
哑口无言,7
哑子吃黄连,7
揠苗助长,5
烟鬼,5
烟幕,5
烟视媚行,7
烟霞痼疾,3
阉割,7
延颈举踵,7
延误,5
严苛,3
严重,3
言不顾行,3
言不及义,3
言不尽意,6
言不由衷,3
言而不信,7
言而无情,9
言而无信,7
言归正传,7
言过其实,5
言行不一,1
言行相诡,9
言清行浊,7
言三语四,5
言外之意,7
言者谆谆，听者藐藐,5
言之无物,3
炎凉,7
沿门托钵,3
阎王,7
俨乎其然,5
弇陋,5
掩鼻而过,3
掩耳盗铃,3
掩耳盗钟,7
掩耳盗锺,7
掩耳偷铃,7
掩目捕雀,3
掩人耳目,3
掩饰,5
掩眼捕雀,7
眼巴巴,5
眼不见，心不烦,3
眼馋肚饱,5
眼高手低,3
眼光短浅,9
眼皮子薄,5
眼晕,5
眼睁睁,5
眼中钉,8
眼拙,7
鼹腹易盈,5
厌恶,7
厌恨,5
厌倦,5
厌腻,5
艳情,5
宴安鸩素毒,9
雁过拔毛,7
雁影分飞,7
厭齑暮盐,5
燕雀安知鸿鹄之志,3
鞅鞅不乐,7
扬玲打鼓,3
扬言,5
扬扬得意,1
扬扬自得,1
扬长而去,3
羊肠小道,7
羊狠狼贪,9
羊落虎口,5
羊入虎群,7
羊质虎皮,5
阳奉阴违,5
阳解阴毒,7
杨花水性,9
杨花心性,5
佯为不知,5
洋鬼子,5
仰攀,5
仰人鼻息,5
养虎为患,9
养痈贻患,3
养痈遗患,7
养尊处优,9
怏怏不乐,9
吆三喝四,9
吆五喝六,9
妖风,5
妖怪,5
妖里妖气,5
妖媚,5
妖魔,5
妖魔鬼怪,5
妖孽,7
妖术,5
妖妄,5
妖物,5
妖雾,5
妖言,5
妖言惑众,7
妖艳,5
妖冶,5
窑宅之所,3
窑子,5
谣言,5
谣诼,5
摇唇鼓舌,5
摇手触禁,7
摇头摆脑,5
摇头摆尾,3
摇头稾脑,7
摇头晃脑,3
摇头幌脑,7
摇尾乞怜,9
摇尾乞伶,7
摇尾求食,7
摇摇欲坠,9
遥遥无期,5
咬人狗儿不露齿,9
咬文嚼字,6
咬牙恨齿,9
药店飞龙,5
要不得,3
要挟,5
要面子,3
要命,5
要死要活,7
耀武扬威,9
揶揄,3
冶容诲淫,5
野草闲花,1
野马无缰,3
野蛮,5
野人,3
野调无腔,5
野心勃勃,7
野性,1
业障,5
叶公好龙,7
曳裾王门,5
夜叉,5
夜郎自大,7
一把死拿,5
一败如水,7
一败涂地,7
一帮,3
一暴十寒,5
一鼻孔出气,5
一波三折,9
一步一鬼,7
一草一木,5
一唱一和,3
一朝权在手，便把令来行,5
一朝天子一朝臣,7
一朝之忿,9
一成不变,3
一触即溃,9
一刀两段,5
一刀两断,5
一傅众修,3
一个心眼,3
一棍子打死,7
一国三公,7
一哄而起,3
一哄而散,3
一簧两舌,5
一己之私,7
一浆十饼,3
一蹶不振,7
一孔之见,5
一口吃个胖子,7
一口吸尽西江水,5
一脸横肉,9
一毛不拔,7
一面之词,1
一年被蛇咬，三年怕草索,8
一念之差,3
一盘散沙,5
一偏,3
一曝十寒,5
一钱不值,7
一钱如命,9
一锹掘个井,7
一窍不通,5
一丘之貉,5
一犬吠形，百犬吠声,7
一人得道，鸡犬升天,5
一蛇两头,9
一失足成千古恨,5
一事无成,5
一手包办,5
一手遮天,5
一塌胡涂,7
一塌糊涂,9
一潭死水,7
一头儿沉,3
一推六二五,5
一味,5
一文不值,7
一文如命,7
一问三不知,3
一窝蜂,3
一无可取,7
一无是处,9
一无所成,7
一无所能,7
一无所长,9
一无长物,5
一物不知,3
一误再误,7
一言堂,5
一叶蔽目,5
一叶蔽目，不见泰山,7
一意孤行,7
一隅,3
一隅之见,5
一则以喜，一则以惧,7
一着不慎，满盘皆输,3
一之谓甚,5
一知半解,5
一知半解　,5
一纸空文,5
一掷百万,9
一掷千金,9
一座皆惊,9
衣冠禽兽,9
衣架饭囊,5
衣锦还乡,7
衣来伸手，饭来张口,3
衣衫不整,9
衣食不周,5
衣绣昼行,9
依草附木,5
依附,5
依流平进,5
依违两可,3
依样画葫芦,5
依仗,7
夷灭,5
夷平,5
怡声下气,5
贻害,7
贻害无穷,7
贻误,5
贻笑大方,3
贻笑大方　,5
姨太太,1
胰见,5
移东补西,5
移花接木,5
移天易日,9
遗臭万年,9
遗毒,7
遗恨,7
遗祸,5
遗老遗少,5
遗弃,5
颐指气使,5
疑忌,5
疑虑重重,5
疑神疑鬼,9
疑心生暗鬼,5
已决犯,7
已意逆志,3
以白为黑,7
以暴易暴,7
以冰致蝇,5
以耳代目,5
以耳为目,3
以古非今,5
以管窥天,5
以规为瑱,3
以火救火,3
以己度人,5
以狸饵鼠,5
以蠡测海,5
以蠡测海　,7
以力服人,5
以邻为壑,7
以貌取人,5
以偏概全,3
以其昏昏，使人昭昭,5
以强凌弱,7
以人废言,5
以身试法,5
以升量石,5
以售其奸,7
以水救水,5
以汤止沸,5
以小人之心，度君子之腹,5
以血洗血,7
以眼还眼，以牙还牙,7
以意为之,5
以怨报德,7
以指浇沸,5
以指挠沸,5
以致,3
倚财仗势,5
倚官仗势,5
倚酒三分醉,3
倚老卖老,5
倚门傍户,3
倚门卖笑,3
倚强凌弱,5
倚势挟权,5
倚势凌人,7
倚仗,1
义愤填膺,5
亦步亦趋,3
异端,5
异端邪说,7
异说,5
异味,1
异想天开,7
抑郁,8
抑郁不平,3
役使,5
易子而食,7
易子析骸,7
挹斗扬箕,7
意懒心灰,3
意马心猿,5
意气,5
意气洋洋,5
意气用事,5
意在言外,6
溢言虚美,5
薏苡明珠,5
臆测,5
臆断,5
臆说,5
臆造,5
因公行私,5
因公假私,5
因陋就寡,5
因陋守旧,5
因袭陈规,3
因小失大,5
因循守旧,5
因循坐误,5
因噎废食,5
因缘为市,7
阴暗,8
阴沉沉,9
阴毒,9
阴恶,9
阴黑,3
阴狠,7
阴晦,5
阴魂不散,7
阴冷,3
阴霾,7
阴谋,5
阴谋不轨,9
阴谋诡计,7
阴凝冰坚,5
阴凄,9
阴森,3
阴森森,9
阴湿,3
阴私,5
阴损,5
阴险,9
阴险毒辣,9
阴险狡诈,8
阴阳怪气,9
阴影,5
阴云,5
阴贼,7
阴鸷,7
殷忧,7
喑恶叱咤,9
银样蜡枪头,5
银样镴枪头,5
淫词秽语,7
淫词亵语,7
淫辞,5
淫辞秽语,7
淫辞邪说,8
淫荡,7
淫风,5
淫棍,5
淫画,5
淫秽,7
淫贱,5
淫乐,7
淫乱,7
淫糜,7
淫靡,7
淫朋狎友,5
淫书,5
淫威,7
淫猥,7
淫邪,5
淫亵,7
淫心,7
淫心匿行,5
淫言诐行,3
淫言狎语,5
淫言媟语,5
淫逸,5
淫雨,5
夤缘,7
引车卖浆,5
引狗入寨,9
引鬼上门,7
引虎拒狼,5
引虎自卫,3
引经据典,5
引颈受戮,5
引咎自责,7
引狼拒虎,3
引狼入室,9
引狼自卫,7
引类呼朋,5
引领而望,7
引起反感,9
引绳批根,5
引水入墙,5
引诱,5
饮恨吞声,3
饮鸩解渴,5
饮鸩止渴,7
隐患,8
隐讳,5
隐晦曲折,3
隐瞒,5
隐约其辞,3
英雄气短,1
鹦鹉学舌,3
鹰鼻鹞眼,5
鹰击毛挚,5
鹰瞵鹗视,3
鹰瞵虎攫,5
鹰瞵虎视,5
鹰犬,7
鹰视狼步,7
鹰扬虎噬,5
迎合,5
迎奸卖俏,7
荧惑,7
营私,5
营私罔利,5
营私舞弊,7
营私植党,5
营私作弊,5
营营苟苟,5
营蝇斐锦,5
蝇营狗苟,9
蝇营狗狗,8
蝇蝇,5
郢书燕说,5
应付,7
应卯,5
应名儿,5
应声虫,5
硬撅撅,7
硬生生,9
拥篲救火,5
拥挤,3
拥挤不堪,7
痈疽,5
庸才,5
庸耳俗目,5
庸碌,3
庸懦无能,5
庸人,7
庸人自扰,3
庸俗,7
庸言庸行,5
庸医,5
庸医杀人,3
庸庸碌碌,9
慵懒,8
臃肿,3
咏月嘲风,3
勇而无谋,5
勇略,7
用管窥天,5
用尽心机,3
优患余生,5
优柔,3
优柔寡断,5
忧烦,5
忧愤,5
忧愤成疾,9
忧患,5
忧心如捣,7
忧心如薰,7
忧悒,3
幽暗,3
幽愤,7
悠谬,9
悠缪,9
悠悠荡荡,3
尤而效之,3
犹犹豫豫,9
犹豫,3
犹豫不定,3
犹豫不决,5
犹豫不前,9
油光水滑,3
油滑,3
油腻,3
油腔滑调,5
油水,3
油头粉面,5
油头滑脸,5
油头滑面,5
油头滑脑,5
油头滑脑 ,5
油嘴,5
油嘴狗舌,7
油嘴花唇,5
油嘴花脣,5
油嘴滑舌,5
油嘴油舌,5
游蜂浪蝶,5
游蜂戏蝶,5
游手好闲,5
游手偷闲,5
游谈无根,5
游戏笔墨,5
游戏翰墨,5
游戏人间,3
游戏人世,5
游闲公子,9
有毒,5
有毒性,9
有负众望,9
有害,9
有加无已,5
有口无行,5
有口无心,9
有理无情,5
有利可图,5
有名无实,1
有气没力,5
有气无力,5
有钱使得鬼推磨,7
有伤风化,3
有声没气,5
有声无气,5
有声无实,5
有失偏颇,9
有失身分,5
有始无终,5
有恃无恐,5
有恃毋恐,7
有天没日,7
有天无日,7
有头没脑,5
有头无脑,5
有头无尾,7
有文无行,5
有闻必录,3
有我无人,5
有隙可乘,3
有限不识泰山,5
有限如盲,5
有眼不识泰山,3
有眼如盲,5
有眼无瞳,7
有眼无珠,7
有一套,9
有勇无谋,5
牗中窥日,5
牖中窥日,5
黝黯,3
又哭又闹,3
右军习气,5
右军習气,5
右派,7
右倾,5
右倾机会主义,5
幼稚,7
诱导,3
诱饵,3
诱发,5
诱拐,5
诱惑,3
诱奸,7
诱秦诓楚,5
诱使,5
诱胁,5
诱致,5
迂夫子,5
迂腐,7
迂腐腾腾,7
迂缓,1
迂回曲折,3
迂见,5
迂拘,5
迂阔,5
迂论,5
迂气,5
迂儒,5
迂谈阔论,3
迂远,5
迂执,5
迂拙,5
淤积,5
于今为烈,5
于心何忍,5
余党,5
余毒,9
余孽,9
余食赘行,5
余桃啖君,5
余子碌碌,5
鱼惊鸟散,7
鱼烂河决,7
鱼烂取亡,7
鱼烂土崩,7
鱼烂瓦解,7
鱼龙混杂,9
鱼龙曼延,7
鱼龙曼衍,5
鱼龙漫衍,7
鱼鲁帝虎,5
鱼目混珍,7
鱼目混珎,7
鱼目混珠,5
鱼目间珠,7
鱼肉百姓,9
鱼质龙文,7
渔霸,7
渔人得利,5
渔翁得利,5
渔翁之利,5
逾次超秩,5
逾分,3
逾淮之橘,3
逾墙窥蠙,7
逾墙钻蠙,7
逾墙钻穴,7
逾闲荡检,7
榆枋之见,5
榆瞑豆重,7
榆木圪垯,5
榆木疙瘩,5
榆木脑袋,5
愚暗,5
愚笨,7
愚不可及,9
愚痴,5
愚蠢,7
愚钝,7
愚夫蠢妇,5
愚夫愚妇,5
愚陋,7
愚鲁,7
愚氓,5
愚眉肉眼,5
愚昧,7
愚昧无知,9
愚蒙,7
愚民,5
愚民政策,5
愚弄,5
愚懦,7
愚儒,5
愚傻,5
愚顽,5
愚妄,7
愚味,5
愚直,5
愚拙,7
舆台,3
与虎谋皮,9
与时沉浮,3
与世沉浮,5
与世浮沉,5
与世俯仰,7
与世沈浮,5
予取于求,5
予取予夺,5
予取予求,5
予取予携,5
予智予雄,7
羽毛未丰,5
雨后送伞,9
雨淋日炙,5
雨霾风障,7
语病,3
语近词冗,5
语无伦次,5
语无诠次,5
语言无味,5
窳败,7
窳惰,5
窳劣,7
玉毁椟中,7
玉粒桂薪,3
玉楼赴召,5
玉石不分,5
玉石俱焚,3
玉食锦衣,5
玉卮无当,5
饫甘餍肥,3
郁愤,5
郁结,3
郁怒,5
郁气,5
郁然,5
郁热,3
郁郁,3
郁郁不得志,7
郁郁寡欢,7
预谋,1
欲盖而彰,7
欲盖弥彰,5
欲壑难填,7
欲加之罪，何患无辞,7
欲望难填,9
遇难,5
遇人不淑,3
遇事生端,7
遇事生风,3
遇险,5
遇阻,8
御用,7
寓公,5
燠热,5
鬻宠擅权,5
鬻鸡为凤,5
鬻良杂苦,5
鬻驽窃价,7
鬻声钓世,5
鸢肩豺目,5
鸢肩羔膝,5
冤大头,3
冤家路窄,8
冤结,5
冤苦,5
冤孽,5
冤钱,3
冤死,7
冤头,5
冤枉路,5
冤抑,7
冤有头，债有主,9
冤狱,7
渊鱼丛爵,5
元恶,5
元恶大憝,9
元恶大奸,9
元奸巨恶,9
元龙高卧,5
元凶,3
原形,5
原形毕露,7
原子武器,7
原子炸弹,7
圆滑,1
圆谎,7
缘木求鱼,5
猿鹤虫沙,5
远水不救近火,5
怨仇,5
怨府,5
怨怪,7
怨恨,8
怨嗟,3
怨苦,5
怨詈,5
怨懑,5
怨女旷夫,1
怨偶,5
怨气冲天,7
怨气满腹,9
怨声载道,5
怨天尤人,5
怨望,7
怨言,3
怨尤,5
月黑风高,7
月露之体,3
月明千里,5
刖趾適屦,5
越凫楚乙,5
越扶越醉,5
越轨,9
越级,5
越境,5
越权,5
越俎代庖,7
粤犬吠雪,5
晕车,5
晕池,5
晕船,5
晕倒,7
云泥殊路,5
云泥之别,5
云心水性,5
云翳,5
陨获,7
陨灭,5
殒越,5
运斧般门,5
咂嘴弄舌,5
拶指,7
杂霸,9
杂草丛生,9
杂凑,3
杂乱,3
杂乱无章,3
杂念,3
杂牌,3
杂七杂八,5
杂糅,3
杂沓,3
杂质,3
杂种,7
砸饭碗,7
砸锅,5
灾病,5
灾害,5
灾患,9
灾荒,1
灾祸,5
灾难性,9
灾年,5
灾星,9
灾殃,5
栽跟头,7
栽诬,9
栽赃,7
栽脏,7
宰割,7
崽子,7
再犯,7
再三再四,5
再衰三竭,3
在劫难逃,5
攒锋聚镝,7
赃官,7
赃官污吏,5
赃贿狼藉,5
赃贿狼籍,7
赃秽狼藉,5
赃货狼藉,5
赃款,7
赃私狼藉,5
赃私狼籍,5
赃污狼藉,7
赃污狼籍,5
赃物,7
赃盈恶贯,7
赃汙狼藉,5
脏乎乎,5
脏话,5
脏乱,7
脏乱差,9
脏污,5
脏心烂肺,7
脏字,5
葬送,5
遭劫,5
遭难,5
遭受,5
遭遇,5
遭灾,5
遭罪,5
糟报,5
糟改,7
糟糕,3
糟害,7
糟烂,3
糟粕,5
糟踏,9
糟蹋,7
糟心,3
糟朽,5
凿骨捣髓,7
凿空取办,5
凿空投隙,5
凿空之论,5
早衰,5
早退,5
早知今日，悔不当初,7
澡垢索疵,3
造谤生事,5
造次,5
造恶不悛,5
造反,7
造化小儿,5
造假,8
造孽,5
造事,8
造言惑众,5
造言生事,5
造谣,5
造谣惑众,3
造谣生事,5
造谣中伤,9
造作,3
造作矫揉,5
噪聒,5
噪嚷,3
噪音,3
燥热,3
躁动,5
躁急,5
躁言丑句,5
责备,5
责罚,5
责骂,5
责难,5
责问,5
泽吻磨牙,5
啧有烦言,5
贼巢,5
贼臣乱子,5
贼臣逆子,5
贼骨头,5
贼喊捉贼,5
贼溜溜,9
贼眉鼠眼,9
贼眉贼眼,5
贼去关门,9
贼人胆虚,5
贼头狗脑,7
贼头鬼脑,5
贼头鼠脑,7
贼头贼脑,9
贼窝,5
贼心,7
贼眼,5
贼赃,7
贼脏,7
贼子乱臣,5
谮下谩上,5
增生,7
增殖,7
憎称,7
憎恨,8
扎眼,5
渣滓,5
札手舞脚,5
诈败佯输,9
诈唬,3
诈奸不及,7
诈骗,5
榨取,3
摘瓜抱蔓,7
摘句寻章,7
摘埴索涂,7
窄狭,3
债台高筑,7
沾风惹草,5
沾花惹草,5
沾泥带水,3
沾染,3
沾沾自好,3
沾沾自满,3
沾沾自喜,1
沾沾自衒,7
詀言詀语,3
詹言曲说,3
瞻前顾后,3
鹯视狼顾,5
战祸,5
战乱,5
战争贩子,3
战争狂,1
张大其事,3
张公吃酒李公醉,3
张冠李戴,3
张皇,3
张皇失措,7
张狂,5
张眉努目,5
张眉努眼,5
张牙舞爪,7
张眼露睛,7
张扬,3
獐头鼠目,9
长安居大不易,5
长安少年,5
长材小试,5
长恶不悛,7
长恶靡悛,5
长篇累牍,5
长舌妇,5
长蛇封豕,5
长他人志气，灭自己威风,3
长叹,7
长袖善舞,7
长夜难明,7
仗马寒蝉,5
仗气使酒,3
仗势,5
仗势欺人,7
仗恃,5
障人眼目,3
招风,3
招风揽火,5
招风惹草,5
招风惹雨,5
招花惹草,5
招降纳叛,5
招权纳贿,5
招权纳赂,5
招权纳赇,7
招事惹非,5
招是搬非,5
招是揽非,5
招是惹非,5
招是生非,5
招摇,7
招摇过市,7
招摇撞骗,7
招灾,5
招致不幸,9
昭然若揭,9
爪牙,5
找事,5
召之即来，挥之即去,5
照本宣科,5
照猫画虎,3
肇祸,5
肇事,5
遮丑,5
遮盖,3
遮人耳目,5
遮三瞒四,3
折本,5
折戟沉沙,7
折磨,5
折辱,5
折足覆餗,5
辙乱旗靡,5
这山望着那山高,9
着慌,3
着三不着两,5
真TM,5
振振有词,5
争吵,5
争宠,5
争多论少,3
争名夺利,5
争名于朝，夺利于世,7
争权夺利,5
争长论短,8
争嘴,3
狰狞,7
狰狞面目,7
整冠纳履,3
证龟成鳖,5
郑人买履,3
郑人争年,7
政出多门,7
政荒民弊,9
政客,3
政以贿成,5
之乎者也,3
支离,3
支离破碎,5
支使,5
支吾其词,3
只顾自身利益,9
只鸡絮酒,7
只见树木，不见森林,5
只看见树木，不看见森林,5
只许州官放火，不许百姓点灯,7
只字不提,3
知白守黑,3
知法犯法,3
知其一，不知其二,1
知情不举,7
知人论世,7
知荣守辱,7
肢解,5
执傲,5
执而不化,7
执迷不反,5
执迷不返,5
执迷不醒,5
执拗,3
执文害意,5
执性,5
直勾勾,9
直愣愣,9
直木先伐,7
直情径行,5
直言贾祸,5
植党营私,7
植党自私,5
纸老虎,5
纸上谈兵,5
纸醉金迷,9
指斥,5
指东划西,5
指东画西,3
指东话西,5
指东说西,5
指李推张,5
指鹿为马,5
指鹿作马,5
指亲托故,5
指桑骂槐,7
指桑骂槐 ,5
指山卖磨,5
指山说磨,5
指使,5
指手划脚,5
指手画脚,3
指天画他,7
指瑕造隙,5
指雁为羹,5
指皁为白,5
指责,5
咫尺千里,7
咫尺之功,3
趾高气扬,5
至毒,9
至死不悟,5
志大才疏,5
志广才疏,7
志骄气盈,7
志骄意满,7
志满气骄,7
制假,8
质次价高,7
质非文是,7
质量差,5
质伛影曲,5
炙手可热,7
治丝而棼,5
桎梏,7
致命,5
致使,5
致死不悟,7
鸷狠狼戾,1
鸷击狼噬,7
掷鼠忌器,7
智藏瘝在,7
智昏菽麦,7
智尽能索,5
智小谋大,7
智小言大,7
滞钝,9
滞后,1
滞销,5
置若罔闻,3
置身事外,5
置之不顾,3
置之不理,3
置之死地而后快,5
雉伏鼠窜,7
雉头狐腋,5
擿埴索途,7
中饱私囊,9
中魔,5
中山狼,5
中伤,5
中邪,5
中心摇摇,7
终天之恨,9
钟鸣鼎食,7
衷曲,7
种族歧视,9
种族主义,7
冢中枯骨,5
众寡不敌,5
众寡悬殊,5
众盲摸象,5
众叛亲离,9
众矢之的,5
重财轻义,7
重蹈覆辙,5
重估,8
重规叠矩,3
重厚少文,5
重婚,7
重列,8
重男轻女,5
重逆无道,7
重排,8
重气轻命,7
重气轻生,7
重赏之下，必有死夫,5
重沓,3
重义轻生,7
重重门槛,8
重浊,3
重足而立,7
舟中敌国,5
侜张为幻,7
周规折矩,5
周折,5
啁哳,3
肘胁之患,5
肘腋之患,5
咒骂,7
昼阴夜阳,5
皱巴,9
皱巴巴,3
骤不及防,5
侏儒观戏,7
诛除,7
诛锄异己,7
诛尽杀绝,7
诛戮,7
诛灭,7
诛求,7
诛求不已,9
诛求无度,7
诛求无厌,7
诛求无已,7
珠投璧抵,5
株连,7
株连蔓引,7
铢施两较,7
猪八戒吃人参果，全不知滋味,5
猪猡,9
猪朋狗友,7
猪头,3
猪突豨勇,5
猪瘟,7
竹篮打水,9
竹篮子打水,9
竹篮子打水一场空,5
逐臭,7
逐臭之夫,7
逐宕失返,7
逐近弃远,5
逐客令,7
逐浪随波,5
逐流忘返,5
逐名趋势,7
逐末弃本,7
逐末舍本,7
逐末忘本,7
逐物不还,5
逐影吠声,7
逐影随波,7
逐逐眈眈,7
主犯,7
主观,1
主谋,7
主少国疑,5
主使,7
主文谲谏,5
煮豆燃萁,9
煮鹤焚琴,7
煮鹤烧琴,7
助桀为暴,7
助桀为恶,7
助桀为虐,9
助人下石,5
助天为虐,9
助长,5
助纣为虐,7
杼柚空虚,5
杼柚其空,5
杼柚之空,5
柱小倾大,5
祝不胜诅,5
祝鮀之佞,7
蛀齿,6
蛀虫,5
蛀蚀,5
蛀心虫,6
铸木镂冰,5
筑室道谋,3
抓辫子,5
抓茬儿,7
抓乖卖俏,7
抓乖弄俏,7
抓获,8
抓破脸,5
抓破脸皮,5
抓破脸子,5
抓破面皮,5
抓瞎,5
专断,3
专横,5
专横跋扈,5
专权,5
专擅,5
专欲难成,5
专制,5
转喉触讳,7
转嫁,5
转脸,7
转蓬,3
转弯抹角,3
妆聋做哑,5
妆模作样,5
装b,7
装点门面,9
装疯卖傻,5
装糊涂,5
装假,3
装聋作哑,3
装门面,5
装模作样,9
装腔,8
装腔作势,9
装怯作勇,9
装神弄鬼,5
装蒜,5
装相,5
装佯,3
装样子,5
撞见,7
撞骗,7
追逼,7
追捕,7
追欢买笑,7
追欢卖笑,7
追欢取乐,5
追欢作乐,5
追懽卖笑,7
追魂夺魄,7
追究,5
追趋逐耆,5
坠毁,5
坠溷飘茵,5
坠茵落溷,5
惴惴,7
赘瘤,7
赘食太仓,7
赘述,1
赘言,3
赘疣,9
拙笨,5
拙口笨腮,3
拙口钝腮,5
拙劣,3
拙涩,3
拙嘴笨腮,5
拙嘴笨舌,5
捉班做势,5
捉风捕影,5
捉风捕月,5
捉鸡骂狗,5
捉奸,7
捉衿见肘,7
捉衿露肘,7
捉衿肘见,7
捉襟见肘,7
捉襟露肘,7
捉襟肘见,7
捉摸不定,9
捉弄,5
捉生替死,7
捉影捕风,5
浊浪,3
浊流,5
浊世,5
浊质凡姿,5
浊重,3
浞訾栗斯,7
擢发难数,9
擢筋剥肤,7
擢筋割骨,7
滋蔓,5
滋生,5
滋事,5
滋长,5
趑趄不前,5
锱铢必较,7
锱铢较量,7
子虚,5
子虚乌有,5
訾议,5
自傲,5
自暴自弃,5
自卑,3
自不量力,3
自吹自擂,3
自大,7
自负,7
自高其功,5
自高自大,7
自行其是,5
自己打自己的嘴巴,5
自居,5
自恋,3
自卖自夸,5
自满,3
自鸣得意,5
自命不凡,7
自命清高,9
自欺欺人,5
自取灭亡,9
自取其祸,7
自取其咎,7
自食其果,7
自食其言,5
自视,5
自是,5
自恃,5
自恃其才,5
自私,7
自私自利,7
自讨苦吃,5
自讨没趣,5
自我解嘲,6
自相残害,7
自相残杀,7
自相矛盾,9
自相水火,7
自相鱼肉,7
自诩,5
自炫,5
自寻烦恼,1
自贻伊戚,1
自以为得计,3
自以为是,7
自用则小,7
自由放任,5
自怨自艾,7
自专,5
自作聪明,3
自作孽,9
自作主张,3
自作自受,7
恣行无忌,9
恣情纵欲,7
恣肆,5
恣睢,5
恣无忌惮,7
恣心纵欲,7
恣凶稔恶,7
恣意,7
恣意妄为,7
恣纵,5
宗派,5
纵虎归山,8
纵容,3
纵欲,5
邹缨齐紫,5
走狗,7
走过场,5
走后门,5
走马看花,1
走内线,5
走气门,3
走私,8
走卒,7
租心浮气,3
足不出户,5
足不出门,5
足不窥户,5
足不逾户,5
足尺加二,5
足高气强,5
足高气扬,5
诅咒,7
阻遏,5
阻隔,3
阻梗,3
阻绝,3
阻力,3
阻挠,5
阻塞,5
祖龙之虐,7
钻冰求火,5
钻冰取火,5
钻故纸堆,3
钻懒帮閒,5
钻牛角尖,8
钻牛角尖儿,7
钻皮出羽,7
钻天打洞,7
钻天觅缝,7
钻头觅缝,8
钻隙逾墙,5
钻心,7
钻穴逾墙,5
钻穴逾隙,5
钻穴逾垣,5
钻营,7
嘴笨,3
嘴敞,5
嘴尖,5
嘴快,5
嘴快舌长,5
嘴脸,7
嘴皮子,5
嘴贫,5
嘴甜心苦,5
嘴硬,5
嘴长,5
最差,9
最坏,9
罪不容诛,9
罪大恶极,9
罪当万死,9
罪恶,9
罪恶多端,9
罪恶如山,9
罪恶深重,9
罪恶滔天,9
罪恶昭彰,9
罪恶昭著,9
罪该万死,9
罪过,3
罪行,5
罪加一等,5
罪魁祸首,9
罪莫大焉,9
罪孽,9
罪孽深重,7
罪愆,9
罪情,7
罪人,7
罪尤,9
罪有应得,5
罪在不赦,9
罪责,9
罪状,9
醉酒妇人,3
醉生梦死,7
醉死梦生,7
醉舞狂歌,7
尊古卑今,5
左道旁门,5
左顾右盼,1
左建外易,5
左书右息,5
左思右想 ,7
左袒,3
左右袒,3
左支右绌,3
左支右调,5
左支右吾,5
左枝右梧,5
作弊,7
作壁上观,5
作辍无常,5
作歹为非,5
作对,3
作恶多端,9
作法自毙,7
作法自弊,7
作怪,5
作假,3
作奸犯科,7
作奸犯罪,7
作茧自缚,7
作践,9
作浪兴风,5
作乱,7
作呕,5
作舍道边,5
作死,9
作态,5
作威作福,7
作伪,7
作言造语,5
作俑,7
作贼心虚,5
坐吃山崩,5
坐吃山空,5
坐待,5
坐地分脏,3
坐地虎,7
坐地自划,5
坐而待毙,5
坐而待弊,5
坐而论道,5
坐观成败,3
坐监,7
坐井观天,7
坐井窥天,5
坐冷板凳,5
坐失机宜,5
坐失良机,5
坐失事机,5
坐食,5
坐食山空,5
坐视不救,5
坐视成败,5
坐收渔利,5
坐守,5
坐误,7
坐享其成,9
坐以待毙,5
坐于涂炭,3
做鬼,3
做鬼做神,5
做假,3
做神做鬼,5
做手脚,7
做戏,7
做小伏低,8
做作,5
保不定,5
保不齐,5
保不住,5
悲壮,7
愁云,5
侮辱,3
散布,1
煽动,1
危害,1
告诫,4
