X1,X2
爱戴,9
超赞,9
驰名,9
瑰玮,9
超群,9
佳作,9
订婚,9
贺喜,9
广博,9
佳酿,9
豪侠,9
恢宏,9
功勋,9
激赏,9
极好,9
美好,9
捷音,9
佳人,9
非凡,9
精英,9
恢弘,9
功德,9
盖世,9
慧心,9
够朋友,9
岿然,9
济世,9
佳节,9
精绝,9
瑰宝,9
高手,9
奇勋,9
巨著,9
神品,9
盛名,9
金榜,9
吉时,9
吉祥,9
尽致,9
细巧,9
景仰,9
贤慧,9
显耀,9
回春,9
机锋,9
佼佼,9
魁岸,9
极致,9
集大成,9
天才,9
有血气,9
有眼光,9
弘扬,9
嘉奖,9
擅场,9
无比,9
无疵,9
无奢望,9
无瑕疵,9
划时代,9
重用,9
欢唱,9
圣明,9
钦仰,9
追悼,9
心肠软,9
骏足,9
最好,9
慧眼,9
杰作,9
荣耀,9
魁伟,9
吉星,9
经典,9
突破性,9
有见识,9
推选,9
无敌,9
无双,9
至尊,9
绝佳,9
有教养,9
有礼,9
狂欢,9
狂喜,9
乐园,9
有出息,9
天堂,9
神奥,9
恬适,9
推举,9
敬仰,9
恬淡,9
文豪,9
逸乐,9
拥戴,9
优胜,9
有胆量,9
有地位,9
有能力,9
有头脑,9
有学问,9
圆润,9
优等,9
有眼力,9
再造,9
志喜,9
尊崇,9
毅然,9
尤异,9
有朝气,9
有福气,9
有个性,9
有贡献,9
有理由,9
有门儿,9
有名气,9
有勇气,9
赞服,9
奇迹,9
千里眼,9
青天,9
深情,9
誓约,9
韬略,9
醍醐,9
天籁,9
天神,9
铁打,9
铁杆儿,9
铁铮铮,9
通达,9
团圆,9
完美,9
伟绩,9
味道好,9
无偿,9
无污染,9
五星级,9
香醇,9
心宽,9
心灵美,9
医圣,9
有涵养,9
有威信,9
有滋味,9
元首,9
真理,9
中奖,9
重托,9
安静,8
保护,8
保持,8
补偿,8
宠爱,8
超越,8
超预期,8
富有,8
成熟,8
创纪录,8
创造性,8
承诺,8
补助,8
创新高,8
创造,8
夯实,8
高智商,8
合格,8
充实,8
环保,8
改善,8
公义,8
大奖,8
巅峰,8
共赢,8
扭亏,8
扭转,8
夺魁,8
发明,8
扶贫,8
好转,8
感恩,8
诺言,8
获奖,8
鼓励,8
首批,8
无公害,8
信誉,8
提质,8
体贴,8
守时,8
首次,8
挽救,8
享誉,8
幸运,8
整改,5
恪守,8
治理,8
浪漫,8
丽人,8
勇敢,8
注重,8
转运,8
准谱儿,8
自由,8
团结,8
整治,8
十九大,8
爱国,7
爱惜,7
宝库,7
宝剑,7
保障,7
宝货,7
保重,7
拔萃,7
榜首,7
宝地,7
褒奖,7
褒扬,7
宝爱,7
褒美,7
报偿,7
补益,7
哺养,7
庇佑,7
不朽,7
崇高,7
大无畏,7
倍儿棒,7
才略,7
璧谢,7
诚意,7
从军,7
从容,7
崇拜,7
朝贺,7
崇尚,7
成亲,7
才女,7
公认,7
崇敬,7
称扬,7
才华,7
告捷,7
醇朴,7
功烈,7
大捷,7
贺年,7
风骨,7
不谓,7
丰硕,7
富饶,7
桂冠,7
超绝,7
高超,7
高贵,7
佳肴,7
嘉慰,7
豪情,7
歌颂,7
奖许,7
机巧,7
杰出,7
激烈,7
吉兆,7
出众,7
闺秀,7
高风,7
宏论,7
宏图,7
归心,7
精髓,7
高明,7
豪爽,7
好评,7
豪杰,7
豪举,7
豪兴,7
豁然,7
好人,7
合胃口,7
吉庆,7
皎洁,7
典范,7
和祥,7
勉励,7
结彩,7
古劲,7
名教,7
佳句,7
名士派,7
骨干,7
弘旨,7
洪福,7
宏大,7
精兵,7
高卧,7
精彩,7
精粹,7
宏伟,7
宏愿,7
宏旨,7
瑰丽,7
见地,7
鸿鹄,7
奋勇,7
精深,7
起来,7
歌诵,7
奉献,7
匠心,7
交辉,7
喝彩,7
机谋,7
积善,7
热爱,7
热肠,7
光荣,7
满足,7
精纯,7
名节,7
佳境,7
名胜,7
名士,7
精辟,7
嘉许,7
高尚,7
尖子,7
艰贞,7
培育,7
鸿博,7
精忠,7
见爱,7
见称,7
奇巧,7
上上,7
荐举,7
契友,7
谦顺,7
健旺,7
化境,7
翘楚,7
欢腾,7
楷模,7
圣贤,7
钦敬,7
钦佩,7
奖誉,7
亲和,7
辉煌,7
功臣,7
盛赞,7
佼佼者,7
馈赠,7
诗圣,7
廉政,7
颂扬,7
巾帼,7
光辉,7
突破,7
荣华,7
惊喜,7
光荣榜,7
精醇,7
伟业,7
精悍,7
精镌,7
稳妥,7
喜冲冲,7
精通,7
坚守,7
巨强,7
眷爱,7
君子,7
绝妙,7
矍铄,7
豪迈,7
神医,7
豪壮,7
雄赳赳,7
靠得住,7
勋业,7
揖让,7
义勇,7
义勇军,7
矢志,7
和风,7
和美,7
英雄,7
饶沃,7
拥抱,7
坦荡,7
人材,7
河山,7
河岳,7
堂堂,7
灵性,7
美妙,7
佳话,7
名望,7
名学,7
元帅,7
名流,7
圆寂,7
透亮,7
名物,7
宏博,7
月老,7
岳母,7
赞叹,7
坚劲,7
增援,7
鸿福,7
珍存,7
鸿儒,7
擅名,7
精品,7
珍奇,7
飘然,7
飘悠,7
讴歌,7
峥嵘,7
媲美,7
破获,7
忠臣,7
景慕,7
忠实,7
衷心,7
神悟,7
谢词,7
倾注,7
实诚,7
倾倒,7
实惠,7
取胜,7
让座,7
饶富,7
饶裕,7
宽容,7
解放,7
情义,7
义战,7
益鸟,7
神效,7
甜滋滋,7
顽强,7
威仪,7
增长,7
贤人,7
长者,7
真牛,7
真情,7
贤达,7
新人,7
贤能,7
敬信,7
上品,7
至交,7
挚友,7
祥和,7
深湛,7
奇兵,7
谢罪,7
心爱,7
有才干,7
神童,7
神往,7
神武,7
主力,7
伫立,7
交好,7
谦谦,7
造福,7
卓识,7
诤谏,7
至宝,7
至理,7
志行,7
挚诚,7
勤王,7
倾羡,7
卓特,7
了不起,7
勇决,7
金銮殿,7
友爱,7
金汤,7
元宵节,7
名气,7
名著,7
锦绣,7
增进,7
珍藏,7
忠忱,7
忠告,7
忠义,7
重要,7
轴心国,7
助威,7
助兴,7
助战,7
条理,7
追述,7
追叙,7
完满,7
足赤,7
惬当,7
雀跃,7
群芳,7
喜滋滋,7
飒爽,7
绅耆,7
诗仙,7
誓愿,7
天使,7
贤哲,7
久仰,7
仰望,7
举荐,7
骁将,7
骁勇,7
先知,7
信服,7
悠扬,7
幸福,7
游侠,7
欣赏,7
有韧劲,7
增产,7
战鹰,7
长寿,7
珍宝,7
真心,7
正义感,7
至言,7
志气,7
忠烈,7
忠言,7
酷毙了,7
衷肠,7
种仁,7
嘱托,7
追怀,7
卓见,7
逸群,7
英豪,7
英华,7
英魂,7
英杰,7
英明,7
英武,7
英雄汉,7
英姿,7
赢得,7
拥护,7
咏赞,7
凛凛,7
凛然,7
优异,7
友人,7
美德,7
有良心,7
喁喁,7
援助,7
远见,7
赞歌,7
赞礼,7
赞美诗,7
魔力,7
赞语,7
着实,7
珍玩,7
真谛,7
袍泽,7
陪伴,7
正经,7
至品,7
挚切,7
挚情,7
忠魂,7
奇伟,7
钟爱,7
旗手,7
重镇,7
企慕,7
气派,7
著作,7
专著,7
装璜,7
装饰,7
装帧,7
壮观,7
追问,7
虔诚,7
卓荦,7
卓越,7
自强,7
情谊,7
全才,7
人杰,7
人物,7
仁爱,7
纫佩,7
荣归,7
荣军,7
闪耀,7
神妙,7
神勇,7
十全,7
统率,7
推戴,7
脱俗,7
王牌,7
伟人,7
文雅,7
相信,7
轩昂,7
血性,7
义举,7
远谋,7
远志,7
增光,7
诤言,7
执友,7
志向,7
挚敬,7
智慧,7
衷情,7
逐北,7
状元,7
追击,7
卓然,7
卓著,7
配合,6
蓬茸,6
漂亮,6
追踪,6
气宇,6
爱护,5
爱心,5
爱悦,5
安居,5
安眠,5
拜寿,5
安息,5
傲骨,5
拜年,5
帮助,5
百事通,5
拜堂,5
拜天地,5
榜样,5
拜望,5
昂扬,5
帮同,5
榜眼,5
辩护,5
报喜,5
辩正,5
标兵,5
表扬,5
饱学,5
拜节,5
拜客,5
宝贵,5
比肩,5
报效,5
伯乐,5
博大,5
报答,5
便民,5
报国,5
宝典,5
沉勇,5
称美,5
博达,5
称赏,5
抱负,5
称赞,5
诚朴,5
诚实,5
标致,5
称颂,5
持家,5
传颂,5
称职,5
诚恳,5
淳美,5
淳朴,5
沉毅,5
表率,5
表彰,5
典雅,5
才俊,5
创举,5
昌盛,5
纯挚,5
辩士,5
干净,5
徜徉,5
聪敏,5
聪明,5
诚挚,5
刚强,5
刚毅,5
赤胆,5
胆气,5
高爽,5
便捷,5
成器,5
高雅,5
淳良,5
肝胆,5
搀扶,5
博采,5
干练,5
绰约,5
赤心,5
公正,5
博学,5
高见,5
赤忱,5
关爱,5
兵舰,5
称谢,5
创新,5
秉正,5
秉直,5
感人,5
慈悲,5
慈心,5
聪慧,5
刚韧,5
博识,5
刚直,5
博雅,5
大度,5
和善,5
恭谨,5
懂礼,5
称道,5
懂事,5
繁盛,5
端庄,5
称誉,5
不屈,5
奋勉,5
丰盛,5
酬谢,5
国粹,5
欢愉,5
富裕,5
富足,5
慈祥,5
恭敬,5
聪睿,5
恭祝,5
倡导,5
刚烈,5
机智,5
刚健,5
充沛,5
超凡,5
刚勇,5
大幸,5
刚正,5
及时雨,5
和谐,5
高端,5
高级,5
沉稳,5
顶用,5
高洁,5
家珍,5
嘉酿,5
高强,5
厚遇,5
奋志,5
虎威,5
坚贞,5
慈善,5
俭朴,5
憨直,5
诚服,5
聪颖,5
行善,5
搭救,5
好日子,5
好心,5
公直,5
活菩萨,5
大吉,5
持重,5
赤诚,5
谨严,5
出色,5
夺冠,5
传世,5
瑰奇,5
瑰伟,5
精进,5
佳品,5
规范,5
佳音,5
奋进,5
纯美,5
纯朴,5
嘉名,5
精蕴,5
精湛,5
精致,5
就义,5
负责,5
眷恋,5
富贵,5
憨厚,5
俊雅,5
开朗,5
凯歌,5
荟萃,5
可喜,5
鉴定,5
工稳,5
好汉,5
快捷,5
旷达,5
火热,5
感染力,5
好心人,5
大方,5
好学,5
好意,5
机灵,5
娇丽,5
机灵鬼,5
力行,5
合群,5
积极,5
良人,5
恭贺,5
良宵,5
良种,5
胆略,5
胆识,5
矫健,5
靓妆,5
矫捷,5
得人心,5
得意,5
吉日,5
高才生,5
剿除,5
美丽,5
美女,5
美味,5
贺匾,5
鼎力,5
鼎盛,5
结实,5
捷报,5
高古,5
摩登,5
解救,5
佳趣,5
纳降,5
独特,5
襟怀,5
恒心,5
能干,5
红星,5
高人,5
坚强,5
发奋,5
晋升,5
繁华,5
洪量,5
兼备,5
广阔,5
平妥,5
肥沃,5
简雅,5
精敏,5
奋力,5
精奇,5
见好,5
丰饶,5
虎势,5
国优,5
华美,5
气韵,5
谦让,5
虔敬,5
俏皮,5
风雅,5
动员,5
福分,5
福星,5
敬意,5
欢呼,5
奖掖,5
亲笔,5
欢聚,5
欢快,5
富强,5
欢乐,5
欢庆,5
欢声,5
俊俏,5
轻健,5
轻倩,5
恺悌,5
慷慨,5
可敬,5
攻研,5
清廉,5
好事,5
恭候,5
甘醇,5
好听,5
可意,5
清明,5
叫好,5
甘旨,5
贡献,5
教化,5
活跃,5
机警,5
机敏,5
古趣,5
激奋,5
古雅,5
刚劲,5
饶爽,5
刚气,5
廉洁,5
良家,5
谨密,5
和蔼,5
热诚,5
尽意,5
伶俐,5
和顺,5
高才,5
灵通,5
隆重,5
荣任,5
率直,5
极顶,5
容止,5
儒雅,5
精良,5
规整,5
锐利,5
默契,5
纳福,5
嘉肴,5
坚定,5
浓郁,5
国光,5
善举,5
坚确,5
高效,5
坚韧,5
上等,5
简朴,5
简质,5
朴厚,5
上好,5
健步,5
启迪,5
见效,5
舍身,5
涵蓄,5
神采,5
健实,5
根治,5
巧妙,5
审美,5
峭拔,5
公平,5
可心,5
盛典,5
盛会,5
盛景,5
恳挚,5
功碑,5
辉耀,5
快乐,5
盛情,5
盛宴,5
宽慰,5
廉正,5
教益,5
节约,5
节俭,5
解围,5
鼓舞,5
群英会,5
金玉,5
矜持,5
热忱,5
热情,5
尽忠,5
威望,5
精诚,5
荣幸,5
荣膺,5
柔嫩,5
柔情,5
貔虎,5
精美,5
瑞气,5
瑞雪,5
厚谊,5
贵宾,5
精巧,5
精锐,5
润泽,5
魄力,5
喜庆,5
喜盈盈,5
精细,5
坚忍,5
喜悦,5
细嫩,5
精心,5
精选,5
精雅,5
坚挺,5
细致,5
精义,5
侠骨,5
气节,5
兼优,5
先锋,5
精壮,5
过硬,5
上宾,5
上乘,5
上等兵,5
虔心,5
竞秀,5
显荣,5
炯然,5
相宜,5
救难,5
欢笑,5
切合,5
惬意,5
孝顺,5
谏诤,5
践行,5
钦羡,5
眷怀,5
深挚,5
黄金,5
亲切,5
神物,5
新兴,5
豪放,5
俊美,5
勤俭,5
俊秀,5
隽永,5
慎重,5
信心,5
可观,5
圣洁,5
浑厚,5
胜境,5
胜任,5
轩敞,5
轩豁,5
恳切,5
盛产,5
盛大,5
清丽,5
勋章,5
雅淡,5
雅静,5
盛开,5
盛况,5
夸奖,5
雅玩,5
盛世,5
快速,5
盛筵,5
快慰,5
严谨,5
清心,5
盛誉,5
宽宏,5
师表,5
清雅,5
匡救,5
阔达,5
师爷,5
诗篇,5
夷旷,5
诗意,5
义烈,5
义卖,5
义气,5
时贤,5
义士,5
晴爽,5
实干,5
庆贺,5
释怀,5
全面,5
英灵,5
英爽,5
亮眼人,5
亮铮铮,5
舒意,5
爽目,5
热潮,5
玲珑,5
勇悍,5
颂歌,5
良药,5
勇猛,5
勇武,5
优厚,5
美名,5
幽闲,5
美人,5
美艳,5
幽娴,5
济楚,5
荣获,5
流行,5
济事,5
寄怀,5
冀望,5
亨通,5
恒久,5
尽心,5
甜头,5
元宵,5
明理,5
明媚,5
模范,5
圆场,5
默祷,5
头名,5
母爱,5
圆熟,5
锐气,5
名言,5
名誉,5
耐劳,5
宏达,5
耐心,5
赞赏,5
赞羡,5
赞助,5
稳健,5
稳练,5
锃亮,5
善良,5
能事,5
精妙,5
偏巧,5
稳重,5
鸿运,5
翩翩,5
沃土,5
翩跹,5
沃野,5
珍视,5
厚道,5
无误,5
稀罕,5
振发,5
争气,5
朴实,5
朴质,5
喜色,5
上坟,5
辟邪,5
奇秀,5
知名,5
细润,5
平易,5
上座,5
平允,5
侠气,5
致力,5
智慧型,5
先达,5
先导,5
中选,5
中意,5
中允,5
普照,5
忠诚,5
深透,5
强健,5
欢畅,5
强有力,5
巧劲儿,5
贤惠,5
绮丽,5
主心骨,5
气概,5
详尽,5
器重,5
钦慕,5
孝心,5
恰当,5
谦虚,5
焕发,5
谢忱,5
前贤,5
眷顾,5
绝好,5
挥洒,5
亲密,5
亲睦,5
强壮,5
新禧,5
盛服,5
抢险,5
乔迁,5
信赖,5
信实,5
巧计,5
俏丽,5
俏美,5
自尊,5
勤谨,5
勤苦,5
奏效,5
勤快,5
悔改,5
开阔,5
勤劳,5
会来事,5
勤力,5
盛意,5
勤敏,5
雄健,5
盛装,5
惠及,5
勤朴,5
勤劬,5
雄踞,5
切实,5
轻暖,5
浑朴,5
秀俊,5
秀丽,5
师长,5
秀美,5
豁达,5
轻俏,5
豁亮,5
秀媚,5
勤勤,5
轻灵,5
活宝,5
轻妙,5
清彻,5
栩栩,5
煦煦,5
空前,5
清湛,5
情理,5
快感,5
艳羡,5
阳间,5
机变,5
清扬,5
清逸,5
清莹,5
洋溢,5
清越,5
肃然,5
随心,5
积德,5
晴好,5
激昂,5
义务,5
善人,5
上进,5
天幸,5
深邃,5
神韵,5
胜地,5
尽责,5
廉明,5
贴心,5
识荆,5
实意,5
实在,5
挺拔,5
热劲,5
统帅,5
踊跃,5
私访,5
优礼,5
优良,5
随喜,5
优裕,5
灵活,5
太平,5
叹赏,5
滔滔,5
人心,5
仁德,5
仁厚,5
仁惠,5
灵透,5
天然,5
婉丽,5
通畅,5
荣名,5
幽雅,5
领先,5
旺健,5
威势,5
流丽,5
荣升,5
投合,5
有纪律,5
有趣,5
柔静,5
柔美,5
有效,5
温良,5
委宛,5
卫护,5
温情,5
沃衍,5
温雅,5
约会,5
惜别,5
稀贵,5
洗礼,5
精熟,5
稀珍,5
尖端,5
明睿,5
赞成,5
细匀,5
霞光,5
喜洋洋,5
先辈,5
赞扬,5
鲜嫩,5
善行,5
闲逸,5
贤明,5
能人,5
侠义,5
显豁,5
献旗,5
珍贵,5
暖流,5
先进,5
俭省,5
赏赉,5
先贤,5
鲜丽,5
啸傲,5
偕老,5
谐和,5
欣跃,5
正骨,5
新秀,5
贤良,5
上将,5
执着,5
虚心,5
直率,5
见识,5
煦暖,5
直性,5
逊顺,5
雅饬,5
建设,5
建设性,5
雅俗,5
详细,5
健将,5
韶光,5
韶秀,5
义演,5
致敬,5
意蕴,5
熠熠,5
英气,5
英秀,5
英勇,5
孝子,5
雍容,5
深远,5
忠心,5
有才,5
神枪手,5
欣然,5
有恒,5
神异,5
绝艺,5
新星,5
有素,5
新雅,5
郁葱,5
郁烈,5
声誉,5
省事,5
援手,5
开怀,5
兴旺,5
壮伟,5
谦逊,5
状行,5
前茅,5
贞洁,5
真率,5
真确,5
雄伟,5
可靠,5
正品,5
正义,5
秀润,5
至性,5
尊贵,5
勋绩,5
忠骨,5
忠良,5
夸赞,5
亲和力,5
雅量,5
雅正,5
雅致,5
宽厚,5
倾谈,5
茁壮,5
适宜,5
适意,5
清秀,5
卓立,5
怡神,5
舒爽,5
洁净,5
屈尊,5
尊严,5
洁莹,5
义学,5
舒展,5
爽健,5
爽捷,5
全胜,5
爽快,5
异彩,5
毅力,5
乐陶陶,5
爽气,5
热心,5
硕果,5
英烈,5
热心肠,5
人治,5
英伟,5
借重,5
借助,5
柔软,5
优越,5
幽婉,5
灵秀,5
睿智,5
幽韵,5
悠久,5
陶铸,5
由衷,5
讨俏,5
茂盛,5
商约,5
渔利,5
津要,5
愿望,5
神气,5
匀妥,5
甜津津,5
神威,5
赞颂,5
尽情,5
甜爽,5
胜迹,5
胜状,5
帖服,5
盛举,5
盛事,5
珍闻,5
真诚,5
师公,5
真诠,5
蓬勃,5
使命,5
直诚,5
进贤,5
释疑,5
进益,5
挺秀,5
通才,5
通窍,5
爽直,5
至当,5
致贺,5
肃立,5
智谋,5
破颜,5
忠贞,5
推尊,5
经师,5
妥实,5
经用,5
体恤,5
顽健,5
恬美,5
庄严,5
婉顺,5
甜美,5
谦辞,5
谦恭,5
壮烈,5
壮志,5
通人,5
准将,5
强大,5
精到,5
强盛,5
巧干,5
完备,5
资深,5
稳键,5
做得好,5
威严,5
钦定,5
清高,5
情操,5
求实,5
文宗,5
全盛,5
全新,5
劝勉,5
热血,5
人道,5
仁义,5
认错,5
认真,5
任侠,5
犀利,5
熙攘,5
嘻笑,5
容光,5
融融,5
入画,5
纤巧,5
嫂嫂,5
森郁,5
歃血,5
赏赐,5
赏封,5
娴淑,5
赏脸,5
舍命,5
神人,5
神算,5
景观,5
先哲,5
省便,5
识见,5
纤秀,5
识趣,5
鲜灵,5
笑颜,5
效忠,5
示范,5
爽畅,5
爽脆,5
思乡,5
信奉,5
天矫,5
敬慕,5
敬佩,5
贤淑,5
兴盛,5
雄俊,5
娴熟,5
娴雅,5
敬重,5
秀雅,5
铁拳,5
婷婷,5
通好,5
赳赳,5
献词,5
献礼,5
雅气,5
雅趣,5
头等,5
投缘,5
献身,5
乡贤,5
嫣红,5
严慈,5
婉娈,5
相称,5
相成,5
旺炽,5
燕尔,5
温暖,5
香喷喷,5
救星,5
救援,5
香泽,5
要好,5
温柔,5
怡乐,5
文气,5
怡悦,5
宜人,5
沃饶,5
祥瑞,5
享年,5
无垠,5
妩媚,5
熙和,5
象样,5
喜讯,5
骁悍,5
逸趣,5
逸韵,5
细腻,5
贤德,5
向学,5
笑咪咪,5
笑眯眯,5
应点,5
骁健,5
潇洒,5
欣慰,5
欣欣,5
笑吟吟,5
谐美,5
娟秀,5
勇气,5
欣悦,5
新巧,5
信念,5
欣忭,5
幸事,5
雄威,5
秀异,5
绚烂,5
学问,5
欣喜,5
欣羡,5
迅捷,5
驯良,5
压轴戏,5
雅爱,5
雅士,5
雅兴,5
延誉,5
严整,5
泱泱,5
阳关道,5
俊丽,5
新颜,5
新意,5
新颖,5
有智慧,5
妖娆,5
意志,5
引荐,5
颖慧,5
颖悟,5
援外,5
用功,5
性感,5
远大,5
赞许,5
有动,5
有礼貌,5
有眉目,5
雄厚,5
有为,5
开拓型,5
开心,5
有意义,5
玉宇,5
仗义,5
遇合,5
凯旋,5
愈合,5
渊博,5
贞烈,5
渊深,5
原来,5
雄图,5
真正,5
悦目,5
可爱,5
雄文,5
可贵,5
拯救,5
雄壮,5
正大,5
正论,5
长处,5
长生,5
正直,5
缜密,5
秀挺,5
直溜溜,5
正道,5
正派,5
至上,5
支持,5
知遇,5
刻苦,5
轩朗,5
煊赫,5
志士,5
铿然,5
值得,5
中正,5
制胜,5
质朴,5
雅观,5
忠直,5
中兴,5
苦心,5
雅怀,5
雅洁,5
种花,5
忠顺,5
忠信,5
忠勇,5
众说,5
周详,5
烟景,5
嫣然,5
谆谆,5
擢升,5
快意,5
壮行,5
艳美,5
艳冶,5
自如,5
怡然,5
亏蚀,5
自信,5
自主,5
尊重,5
义诊,5
益处,5
意中人,5
唠扯,5
毅勇,5
乐和,5
英俊,5
乐土,5
英名,5
英模,5
磊落,5
英挺,5
冷静,5
礼遇,5
礼赞,5
立功,5
立志,5
联欢,5
联结,5
颖异,5
硬气,5
良好,5
良机,5
良善,5
亮丽,5
亮堂,5
用心,5
优待,5
优点,5
优抚,5
优美,5
优容,5
烈士,5
琳琅,5
优秀,5
优雅,5
优遇,5
幽情,5
流芳,5
流利,5
友邻,5
友善,5
率先,5
率真,5
友谊,5
有成,5
有方,5
满意,5
美观,5
有一手,5
有益,5
有缘,5
愉乐,5
愉悦,5
敏捷,5
敏锐,5
名贵,5
元勋,5
元夜,5
原宥,5
明断,5
匀实,5
明丽,5
明智,5
赞美,5
磨砺,5
磨练,5
赞幕,5
赞佩,5
拿获,5
拿手,5
赞一个,5
赞誉,5
葬身,5
造诣,5
内行,5
扎实,5
能耐,5
能手,5
袅娜,5
宁静,5
珍爱,5
牛气,5
真迹,5
整洁,5
披胆,5
正轨,5
披甲,5
正气,5
指教,5
志趣,5
平实,5
平正,5
智囊,5
智能型,5
蒲柳,5
智巧,5
朴茂,5
中肯,5
朴直,5
忠厚,5
齐截,5
忠于,5
周到,5
主力军,5
注目,5
祝愿,5
气质,5
契机,5
专注,5
器宇,5
庄重,5
壮健,5
壮举,5
谦和,5
谦抑,5
前驱,5
潜力,5
准确,5
强记,5
拙见,5
勤奋,5
勤恳,5
轻婉,5
轻盈,5
清官,5
清贵,5
曲线美,5
权威,5
确实,5
群雄,5
群英,5
人和,5
仁慈,5
仁政,5
荣登,5
柔滑,5
如期,5
锐敏,5
善心,5
绅士,5
神力,5
神圣,5
神通,5
审慎,5
声望,5
声威,5
省时,5
时髦,5
时尚,5
适当,5
适时,5
手快,5
守成,5
舒快,5
熟练,5
帅气,5
思恋,5
死党,5
松快,5
颂词,5
颂赞,5
素淡,5
塌实,5
坦白,5
坦率,5
堂奥,5
堂皇,5
陶钧,5
体察,5
体惜,5
天国,5
天趣,5
同乐,5
透彻,5
王道,5
枉驾,5
忘我,5
望族,5
威风,5
威名,5
威权,5
巍峨,5
维新,5
伟大,5
温居,5
文才,5
文静,5
文绉绉,5
稳定性,5
蓊勃,5
蓊郁,5
沃壤,5
无私,5
无畏,5
牺牲,5
悉心,5
喜爱,5
喜报,5
喜气,5
喜人,5
相悦,5
孝道,5
写意,5
心细,5
心秀,5
辛劳,5
辛勤,5
欣快,5
兴隆,5
修好,5
秀拔,5
秀慧,5
秀劲,5
雪亮,5
勋劳,5
严正,5
妍丽,5
妍雅,5
艳称,5
扬名,5
阳光,5
义仓,5
奕奕,5
意气,5
英才,5
英发,5
英风,5
盈盈,5
应典,5
永恒,5
幽静,5
幽美,5
幽趣,5
友邦,5
有条理,5
玉人,5
玉碎,5
玉液,5
圆浑,5
匀称,5
长技,5
长进,5
哲人,5
真知,5
真挚,5
箴言,5
镇定,5
正理,5
知己,5
知趣,5
知心,5
直爽,5
至诚,5
治学,5
智多星,5
中坚,5
众生,5
周全,5
专心,5
专一,5
追求,5
姿容,5
姿色,5
自豪,5
自觉,5
奏捷,5
奏凯,5
钻研,5
安康,3
安乐,3
安稳,3
安乐窝,3
安全,3
报德,3
盎然,3
宝座,3
帮补,3
报恩,3
辈出,3
表白,3
拜读,3
不吝,3
称贺,3
彪悍,3
骠勇,3
裨益,3
称愿,3
创意,3
沉着,3
不懈怠,3
称羡,3
成章,3
超前,3
诚心,3
葱郁,3
充盈,3
繁蔚,3
丰收,3
丰沃,3
高朗,3
富岁,3
成功,3
成果,3
耿直,3
工整,3
澄明,3
驰誉,3
创造力,3
高性能,3
苍茫,3
憨实,3
答礼,3
功劳,3
和睦,3
澄清,3
乖巧,3
宏丽,3
宏亮,3
歌吟,3
革命性,3
富实,3
富庶,3
改革,3
还愿,3
悍将,3
恭肃,3
恭正,3
刚性,3
高敞,3
彻悟,3
贺词,3
贺电,3
贺联,3
贵重,3
高质量,3
奖旗,3
攻书,3
感激,3
感谢,3
古典,3
贺礼,3
古朴,3
贺信,3
度量大,3
管用,3
纪念章,3
传诵,3
济困,3
晋级,3
宏阔,3
宏朗,3
光泽,3
候光,3
静谧,3
憨态,3
从良,3
健康美,3
璀璨,3
脆美,3
好吃,3
答拜,3
肯切,3
奖励,3
奖劝,3
奖赏,3
宽敞,3
宽舒,3
宽恕,3
奖状,3
老练,3
浩荡,3
乐趣,3
大团圆,3
合欢,3
利索,3
灵敏,3
和暖,3
地利,3
敏悟,3
明快,3
贺幛,3
端丽,3
发扬,3
晋职,3
繁庶,3
广袤,3
高涨,3
龟鹤,3
洪亮,3
洪钟,3
见访,3
告非,3
护佑,3
丰年,3
候教,3
虎劲,3
华丽,3
景气,3
窍门,3
敬养,3
扶掖,3
鞠躬,3
涵养,3
行家,3
欢慰,3
可信任,3
豁朗,3
浩大,3
感奋,3
呵护,3
魁梧,3
骨气,3
韧性,3
高参,3
和易,3
坚决,3
善处,3
秾艳,3
坚致,3
精研,3
精要,3
兼爱,3
高效能,3
简洁,3
精装,3
静心,3
起劲,3
健康,3
申谢,3
健朗,3
健全,3
捍卫,3
革命,3
健硕,3
革新,3
奖杯,3
绝伦,3
健壮,3
梗直,3
践约,3
奖牌,3
奖台,3
奖学金,3
胜仗,3
涣然,3
焕然,3
可信,3
亲聆,3
功绩,3
会心,3
活络,3
节能,3
供献,3
素朴,3
锦标,3
恬静,3
金嗓子,3
急智,3
尽职,3
佩服,3
温婉,3
精练,3
稳静,3
稳拿,3
精密,3
厚恩,3
贵人,3
精严,3
精于,3
善于,3
精准,3
警切,3
显身手,3
舍亲,3
详实,3
钦服,3
含蓄,3
俱佳,3
深奥,3
捐躯,3
镌刻,3
汗青,3
捐助,3
深长,3
钦赞,3
新生,3
升学,3
生机,3
轻快,3
可塑,3
秀色,3
清脆,3
清流,3
浩渺,3
屹立,3
殷勤,3
舒心,3
靓丽,3
莹白,3
勇力,3
灵捷,3
贺表,3
陶陶,3
容情,3
明达,3
明净,3
谧静,3
红榜,3
红火,3
劲健,3
圆满,3
宏敞,3
耐用,3
匀调,3
仔细,3
增益,3
稳实,3
后福,3
赡养,3
厚待,3
商议,3
厚礼,3
上策,3
简切,3
精审,3
朴素,3
气度,3
井然,3
众望,3
抢眼,3
敲边鼓,3
启蒙,3
气候,3
详密,3
祝酒,3
转赠,3
居首,3
庄静,3
省心,3
交谊,3
圣手,3
亲近,3
最佳,3
雄劲,3
最新,3
尊服,3
雄强,3
尊敬,3
遵奉,3
遵守,3
清碧,3
活波,3
清澈,3
可信赖,3
清醇,3
轻软,3
清芬,3
清通,3
清亮,3
适口,3
驯顺,3
情分,3
热烈,3
任命,3
容恕,3
随群,3
入耳,3
叹羡,3
积极性,3
善类,3
升迁,3
尽孝,3
莹润,3
勇敢者,3
顺当,3
素洁,3
遂愿,3
人格,3
纪念碑,3
纪念塔,3
幽默,3
婉媚,3
通明,3
济助,3
寄情,3
麻利,3
威武,3
有生气,3
妥靠,3
文名,3
完善,3
宛转,3
稳帖,3
匀细,3
偌大,3
匀整,3
尖兵,3
洒落,3
洒洒,3
洒扫,3
洒脱,3
鲜活,3
闲庭,3
贤路,3
战功,3
善终,3
显贵,3
珍本,3
现代化,3
擅长,3
详备,3
响亮,3
景致,3
羡慕,3
上升,3
救助,3
捐赠,3
勇壮,3
游历,3
讲礼貌,3
与国,3
壮丽,3
圣地,3
雄风,3
战果,3
雄丽,3
镇静,3
雄武,3
直观,3
直心眼,3
尊奉,3
祝捷,3
著称,3
严密,3
艳丽,3
轻松,3
壮士,3
宽怀,3
宽赦,3
接班人,3
清馨,3
仪表,3
滋润,3
请教,3
舒适,3
遵命,3
权变,3
益友,3
解惑,3
莹澈,3
容姿,3
硬实,3
素雅,3
柔韧,3
优质,3
金贵,3
入眼,3
撒娇,3
特长,3
迷人,3
上校,3
上照,3
明澈,3
耐穿,3
真实,3
直肠子,3
爽心,3
致谢,3
讨教,3
周正,3
完好,3
威信,3
拙朴,3
拙直,3
最高,3
晴朗,3
无华,3
系念,3
韧劲,3
柔和,3
赏鉴,3
赏识,3
升官,3
生趣,3
枭将,3
孝敬,3
舒坦,3
顺眼,3
信守,3
天赋,3
贤契,3
天资,3
雄视,3
调侃,3
通亮,3
久慕,3
救荒,3
严守,3
严肃,3
温厚,3
救治,3
闻名,3
艺术家,3
骁骑,3
先烈,3
勇健,3
捐献,3
笑影,3
勇士,3
悠远,3
馨香,3
意境,3
勇于,3
开明,3
雄浑,3
长亲,3
雄奇,3
雄师,3
康乐,3
雄肆,3
铮亮,3
昭彰,3
正规,3
正统,3
中听,3
专家,3
祝词,3
滋养,3
宽广,3
尊称,3
壮硕,3
壮心,3
宽饶,3
准点,3
依顺,3
准时,3
自若,3
牢固,3
乐观,3
理智,3
历史性,3
莹洁,3
莹然,3
赢利,3
硬朗,3
辽阔,3
优渥,3
灵快,3
流畅,3
友好,3
茂密,3
有价值,3
猛将,3
猛士,3
民主,3
明慧,3
正面,3
指导,3
平和,3
质优,3
平坦,3
中看,3
蹊径,3
齐整,3
祝寿,3
著名,3
契合,3
芊眠,3
芊绵,3
壮阔,3
壮实,3
潜心,3
瞧得起,3
惬心,3
青睐,3
轻便,3
轻捷,3
清拔,3
清静,3
清鲜,3
情韵,3
求索,3
遒健,3
全优,3
如意,3
如愿,3
入味,3
软心肠,3
善事,3
申辩,3
深刻,3
深望,3
世界级,3
守信,3
受吃,3
受看,3
殊荣,3
舒缓,3
顺畅,3
顺适,3
随和,3
遂心,3
遂意,3
抬举,3
陶然,3
陶冶,3
特产,3
提倡,3
天禀,3
调谐,3
挺立,3
通顺,3
童贞,3
妥当,3
巍然,3
蔚然,3
文治,3
稳步,3
稳厚,3
喜幸,3
纤悉,3
陷阵,3
雄大,3
雄豪,3
依从,3
盈溢,3
娱心,3
韵味,3
韵致,3
赞词,3
展眉,3
长策,3
执牛耳,3
值钱,3
主人翁,3
助益,3
祝贺,3
专长,3
遵从,3
左翼,3
安好,1
安泰,1
抱不平,1
帮手,1
不武断,1
碧澄,1
答谢,1
大团结,1
底蕴,1
互利,1
互让,1
不泄气,1
攻克,1
高深,1
富源,1
感召,1
合理化,1
机遇,1
机运,1
合意,1
激发,1
国威,1
践诺,1
合当,3
和解,3
和平鸽,2
关切,1
健美,1
互助,6
敬辞,1
讲理,1
富民,1
教导,1
好心肠,5
厚望,1
互惠,1
细心,1
振作,5
深造,5
慰劳,5
温顺,5
救护,6
面善,1
安邦定国,9
安常守分,9
白璧无瑕,9
沉冤得雪,9
百里挑一,9
百无一失,9
搏大精深,9
补天浴日,9
不可磨灭,9
不世之功,9
不同凡响,9
才气过人,9
超绝尘寰,9
出神入化,9
出生入死,9
大气磅礴,9
大器晚成,9
登峰造极,9
独立自主,9
风流人物,9
凤髓龙肝,9
凤叹虎视,9
凤仪兽舞,9
凤臆龙鬐,9
凤吟鸾吹,9
凤翥龙蟠,9
凤翥龙骧,9
凤翥鸾回,9
凤翥鹏翔,9
奉如神明,9
奉为楷模,9
奉为至宝,9
伏首贴耳,9
扶危定乱,9
扶危定倾,9
扶危翼倾,9
扶正黜邪,9
福无双至，祸不单行,9
俯首戢耳,9
富国彊兵,9
富国强民,9
腹载五车,9
肝胆楚越,9
肝胆披沥,9
感天动地,9
高枕而卧,9
根结盘据,9
亘古未有,9
功标青史,9
功成名遂,9
功盖天地,9
瓜熟蒂落,9
贯斗双龙,9
光风霁月,9
刿目鉥心,9
贵不可言,9
海盟山咒,9
毫不利已，专门利人,9
河清人寿,9
虎踞龙蟠,9
怀柔天下,9
欢迸乱跳,9
欢忭鼓舞,9
挥戈退日,9
回山倒海,9
回天挽日,9
毁家纾难,9
济世经邦,9
价值千金,9
金丹换骨,9
金字招牌,9
锦绣前程,9
尽瘁事国,9
惊喜欲狂,9
鞠躬尽力,9
捐躯报国,9
捐躯济难,9
捐躯殉国,9
捐身徇义,9
可操左券,9
扣楫中流,9
刳心雕肾,9
枯木死灰,9
夸父逐日,9
百不失一,9
揽蕹吻?,9
老成见到,9
乐而忘死,9
北辰星拱,9
嫠不恤纬,9
才过屈宋,9
历井扪天,9
连中三元,9
朝闻夕死,9
良辰美景,9
大慈大悲,9
林籁泉韵,9
林下风范,9
林下风韵,9
林下高风,9
琳琅触目,9
鳞集仰流,9
麟角凤觜,9
麟角虎翅,9
麟子凤雏,9
二人同心，其利断金,9
令人神往,9
留芳万古,9
凤骨龙姿,9
六根清净,9
六马仰秣,9
龙攀凤附,9
龙骧虎视,9
龙兴凤举,9
龙吟虎啸,9
龙跃凤鸣,9
炉火纯青,9
鲁戈挥日,9
鲁戈回日,9
鲁连蹈海,9
鲁女忧国,9
鲁人回日,9
鲁阳挥戈,9
鲁阳挥日,9
鲁阳麾戈,9
鲁阳回日,9
鲁阳指日,9
陆海潘江,9
戮力同心,9
乱世英雄,9
论道经邦,9
履险若夷,9
履盈蹈满,9
富国裕民,9
马革裹尸,9
卖履分香,9
概日凌云,9
超凡入圣,9
朝乾夕惕,9
眉开跟笑,9
赤心报国,9
高情逸兴,9
高情远致,9
高山景行,9
革奸剷暴,9
俛拾仰取,9
民安物阜,9
民淳俗厚,9
民富国彊,9
民膏民脂,9
民和年稔,9
民康物阜,9
民熙物阜,9
民脂民膏,9
功均天地,9
光明正大,9
光前裕后,9
鬼哭栗飞,9
鹤立鸡群,9
默默无言,9
鸿篇巨著,9
风华绝代,9
黄龙痛饮,9
黄钟大吕,9
回味无穷,9
囊茧照读,9
毁家纾国,9
蕙质兰心,9
击碎唾壶,9
盖世无双,9
济世安邦,9
呕心沥血,9
高风劲节,9
高顾遐视,9
高情远韵,9
高枕勿忧,9
槁项黄馘,9
割肚牵肠,9
格高意远,9
金碧辉煌,9
经天纬地,9
举国若狂,9
鬼斧神工,9
鬼工雷斧,9
鬼功神力,9
空前绝后,9
口碑载道,9
快刀斩麻,9
海涵地负,9
宽洪大度,9
乐此不倦,9
行之有效,9
气逾霄汉,9
千古不朽,9
千古独步,9
千古绝唱,9
千古绝调,9
千红万紫,9
千金买骨,9
千金一瓠,9
千金一刻,9
千金一壸,9
千金一诺,9
千里莼羹,9
千秋人物,9
千载一弹,9
千载一圣,9
谦躬下士,9
彪炳史册,9
两小无猜,9
乾啼湿哭,9
潜精积思,9
潜精研思,9
胡天胡地,9
林下清风,9
苌弘碧血,9
没世不渝,9
出类拔萃,9
吉光片羽,9
民安国泰,9
名垂青史,9
名垂竹帛,9
青史留名,9
报本返始,9
丰功伟绩,9
凤歌鸾舞,9
福地洞天,9
负土成坟,9
肝胆照人,9
彪炳春秋,9
彪炳千古,9
金壁辉煌,9
金声玉振,9
高义薄云,9
公尔忘私,9
公忠体国,9
功垂竹帛,9
功高不赏,9
功若丘山,9
挂肚牵肠,9
破家为国,9
归正邱首,9
钜人长德,9
求之不得,9
绝世无双,9
毫不利己，专门利人,9
堪称一绝,9
千伶百俐,9
却金暮夜,9
驰名天下,9
前程万里,9
宽洪大量,9
前仆后踣,9
宠辱不惊,9
款款深深,9
乾坤再造,9
吹灰之力,9
回生起死,9
回天之力,9
活龙活现,9
恋恋难舍,9
燎若观火,9
得意洋洋,9
地大物博,9
林下风致,9
价值连城,9
日下无双,9
履险如夷,9
必操胜券,9
倾国倾城,9
如虎添翼,9
如花似玉,9
如雷贯耳,9
俯首弭耳,9
如鱼得水,9
乃心王室,9
感恩戴德,9
经始大业,9
精神满腹,9
高风亮节,9
三过其门而不入,9
高节清风,9
高义薄云天,9
高枕安寝,9
气概不凡,9
灿若云霞,9
超尘拔俗,9
捐生殉国,9
巧夺天工,9
乐善好义,9
厉精更始,9
青史名垂,9
两相情原,9
大喜过望,9
麟角凤毛,9
必由之路,9
镂骨铭肌,9
身先士卒,9
镂骨铭心,9
过五关，斩六将,9
名垂千古,9
神机妙算,9
佛头著粪,9
不败之地,9
超群绝伦,9
披心沥血,9
洪福齐天,9
杀身报国,9
护国佑民,9
千仓万箱,9
更进一竿,9
挥日阳戈,9
十全十美,9
白璧无暇,9
似漆如胶,9
舍死忘生,9
负荆谢罪,9
手舞足蹈,9
腹心相照,9
海涸石烂,9
寿山福海,9
汗马之功,9
冰雪聪明,9
感恩怀德,9
行云流水,9
博施济众,9
束杖理民,9
竖起脊梁,9
好整以暇,9
才貌超群,9
杀身成仁,9
交口称誉,9
丝毫不差,9
超然物外,9
蛟龙得水,9
松柏寒盟,9
松柏后凋,9
松筠之节,9
松萝共倚,9
松乔之寿,9
松形鹤骨,9
宋才潘面,9
宋画吴冶,9
送抱推襟,9
颂声载道,9
功德圆满,9
功盖天下,9
随车夏雨,9
随车致雨,9
随高就低,9
随高逐低,9
随机应变,9
随时施宜,9
随物应机,9
赤心奉国,9
随圆就方,9
出凡入圣,9
遂心快意,9
遂心如意,9
躬冒矢石,9
损己利人,9
所当无敌,9
垂名竹帛,9
踏破铁鞋,9
骀背鹤发,9
谈不容口,9
谈吐不俗,9
谈笑封侯,9
坦诚相待,9
汤去三面,9
襟怀坦白,9
堂堂一表,9
人定胜天,9
桃李遍天下,9
桃李春风,9
尽心尽力,9
人之将死，其言也善,9
腾达飞黄,9
提心在口,9
十拿九稳,9
体贴入妙,9
惊喜若狂,9
舍生存义,9
精兵简政,9
精彩绝伦,9
天地剖判,9
天府之国,9
恩同父母,9
天高听下,9
天经地纬,9
国尔忘家,9
精美绝伦,9
天下莫敌,9
天下无难事，只怕有心人,9
天下无双,9
天香国色,9
天与人归,9
天之骄子,9
首屈一指,9
感人心脾,9
铁壁铜山,9
铁杵磨成针,9
鞠躬尽瘁，死而后已,9
举世无双,9
具有历史意义,9
铁砚磨穿,9
生花妙笔,9
挺而走险,9
绝伦逸群,9
高情远意,9
声震寰宇,9
绝世超伦,9
水滴石穿,9
通天达地,9
后进领袖,9
通元识微,9
同垂不朽,9
同呼吸，共命运,9
同生死，共存亡,9
同声同气,9
同声相应,9
铜城铁壁,9
铜脣铁舌,9
铜打铁铸,9
铜筋铁肋,9
铜山铁壁,9
铜头铁臂,9
铜围铁马,9
铜铸铁浇,9
开天辟地,9
痛痛快快,9
厚德载福,9
歌舞昇平,9
斯斯文文,9
投桃之报,9
可泣可歌,9
夙兴夜寐,9
夙夜匪解,9
捷报频传,9
空古绝今,9
隋珠荆璧,9
推食解衣,9
随车甘雨,9
攻无不克,9
挥戈回日,9
躬蹈矢石,9
隳胆抽肠,9
岁在龙虵,9
吞炭漆身,9
隳肝尝胆,9
快心满意,9
谈霏玉屑,9
宽豁大度,9
顽石点头,9
万马奔腾,9
万人空巷,9
万寿无疆　,9
万无一失,9
汪洋大海,9
亡秦三户,9
腾焰飞芒,9
忘身忘家,9
望断白云,9
梯愚入圣,9
逷听远闻,9
舍生取义,9
偎乾就湿,9
巍巍荡荡,9
天随人原,9
为人宽厚,9
为人正直,9
唯妙唯肖,9
惟精惟一,9
惟力是视,9
嵬目鸿耳,9
天下为一,9
寿元无量　,9
神抶电击,9
温凊定省,9
林下风度,9
铁笔无私,9
文经武略,9
文经武纬,9
铁壁铜墙,9
流芳百世,9
文武兼备,9
文武全才,9
文武双全,9
文武之道,9
文献之家,9
文星高照,9
流芳千古,9
文章巨公,9
文章钜公,9
文章山斗,9
生聚教训,9
文昭武穆,9
文质斌斌,9
文治武功,9
文宗学府,9
闻名丧胆,9
通俗易懂,9
同声相求,9
问一答十,9
翁中捉鳖,9
投袂而起,9
夙兴昧旦,9
欢声雷动,9
握炭流汤,9
握雨携云,9
巫云楚雨,9
无比幸福,9
隋珠和玉,9
随珠荆玉,9
口角风情,9
推乾就湿,9
所向皆靡,9
所向克捷,9
无拘无束,9
无可比拟,9
无可不可,9
夸父追日,9
泰然处之,9
名扬四海,9
无容置疑,9
无上光荣,9
摊书傲百城,9
无所不及,9
探汤蹈火,9
回文织锦,9
无所不晓,9
无往不克,9
无往不胜,9
弯腰捧腹,9
宽宏大度,9
无有伦比,9
无与伦比,9
毋庸置言,9
完美无瑕,9
五彩纷呈,9
宽仁大度,9
尽忠报国,9
夕惕朝乾,9
夕惕若厉,9
析肝沥悃,9
析肝吐胆,9
腾蛟起凤,9
滕蛟起凤,9
万里江河,9
逖听遐视,9
望眼欲穿,9
天道无亲,9
威风八面,9
天空海阔,9
微言大谊,9
为国之哭,9
甜犊情深,9
首肯心折,9
未可同日而语,9
位极人臣,9
燎如观火,9
温席扇枕,9
文文静静,9
文章宗匠,9
闻风响应,9
气势磅礴,9
死心塌地,9
痛饮黄龙,9
崧生岳降,9
我武惟扬,9
投桃报李,9
隋珠和璧,9
名标青史,9
岁寒松柏,9
无可比伦,9
无可厚非,9
无其伦比,9
无所不备,9
无所不能,9
宽怀大度,9
无所不容,9
五体投诚,9
夕寐宵兴,9
万古流芳,9
香甜可口,9
天假其年,9
天下第一,9
立国安邦,9
条入叶贯,9
温情蜜意,9
鞠躬尽瘁,9
铁棒磨成针,9
铁面御史,9
文搜丁甲,9
捐躯赴难,9
闻所未闻,9
通才练识,9
起死回生,9
通今达古,9
驱雷策电,9
没齿难忘,9
没世不忘,9
气度恢宏,9
痌瘝在抱,9
器宇不凡,9
心花怒发,9
心花怒放,9
心口如一,9
心满意得,9
心明眼亮,9
心乡往之,9
心胸开阔,9
无出其右,9
谦虚敬慎,9
推燥居湿,9
快心满志,9
无所不尽其极,9
万夫莫当,9
万古长青,9
望梅止渴,9
兴邦立国,9
兴会淋漓,9
微察秋毫,9
微显阐幽,9
微言大义,9
倾城倾国,9
胸有成竹,9
雄才大略,9
如日中天,9
如左右手,9
小巧玲珑,9
先天下之忧而忧，后天下之乐而乐,9
文章宿老,9
闻风而兴,9
闻过则喜,9
问十道百,9
我醉欲眠,9
谦尊而光,9
前无古人,9
无可比象,9
学而不厌,9
学富五车,9
学有专长,9
无所不可,9
巧同造化,9
物阜民丰,9
徇国忘身,9
喷薄欲出,9
胸怀坦荡,9
萧曹避席,9
擎天架海,9
先公后私,9
言语流利,9
言之成理,9
研精毕智,9
齐天洪福,9
颜精柳骨,9
眼光锐利,9
眼疾手快,9
心地纯良,9
泱泱大风,9
扬葩振藻,9
心满原足,9
心心相印,9
器宇轩昂,9
冶叶倡条,9
夜不闭户,9
一板正经,9
一笔不苟,9
一表非凡,9
一步一个脚印儿,9
一干二净,9
一个心眼儿,9
一轨同风,9
一呼百诺,9
一刻千金,9
一门心思,9
一民同俗,9
一颦一笑,9
一颦一笑胁肩谄笑,9
一若以往,9
一身正气,9
一统天下,9
一碗水端平,9
前不见古人，后不见来者,9
一五一十,9
一心一意,9
一叶知秋,9
衣冠楚楚,9
事有必至，理有固然,9
雪操冰心,9
舍得一身剐，敢把皇帝拉下马,9
以碫投卵,9
以身报国,9
以身许国,9
兴利除弊,9
兴致淋漓,9
神通广大,9
轶类超群,9
说笑自若,9
言简意赅,9
松茂竹苞,9
夙兴夜处,9
心慈手软,9
扬武耀威,9
因时制宜,9
随寓随安,9
秀外惠中,9
引人瞩目,9
引人注目,9
引锥刺股,9
英才盖世,9
太山北斗,9
坦然自若,9
仁人君子,9
雪里送炭,9
信息丰富,9
天假之年,9
书功竹帛,9
鹰扬虎视,9
天老地荒,9
天上麒麟,9
佻身飞镞,9
铁案如山,9
铁板钉钉,9
铁骨铮铮,9
易如反掌,9
死不旋踵,9
逸兴横飞,9
雍容雅步,9
雄姿英发,9
通古达变,9
银钩玉唾,9
坦坦荡荡,9
旋律优美,9
训练良好,9
训练有素,9
天高地厚,9
忧国忘身,9
王佐之才,9
逸兴云飞,9
逸韵高致,9
随时随地,9
魏颗结草,9
眼光远大,9
永垂不朽,9
燕妒莺惭,9
头一无二,9
一举千里,9
文子文孙,9
仪表堂堂,9
体恤入微,9
莺歌燕舞,9
完好如新,9
以德报怨,9
天衣无缝,9
无乎不可,9
有所作为,9
忧国恤民,9
条分节解,9
铁树花开,9
思路清晰,9
通才硕学,9
伟绩丰功,9
同明相照,9
娓娓动听,9
有嘴无心,9
头角峥嵘,9
于家为国,9
余妙绕梁,9
余声三日,9
余响绕梁,9
图腾崇拜,9
鱼沉雁落,9
鱼水情深,9
鱼水相懽,9
喜不自胜,9
喜跃抃舞,9
温生绝裾,9
玉洁松贞,9
玉昆金友,9
玉润冰清,9
玉柱擎天,9
唾手可得,9
完美无疵,9
腾声飞实,9
寓意深刻,9
完美无缺,9
闻所不闻,9
顽廉懦立,9
忧国奉公,9
忧国忘家,9
无边风月,9
嵬眼澒耳,9
铁树开华,9
铁嘴钢牙,9
五谷丰登,9
温良恭俭让,9
通天彻地,9
文不加点,9
稀世之珍,9
文江学海,9
文深网密,9
余霞散绮,9
文章经济,9
余音绕梁,9
小心谨慎,9
稳扎稳打,9
玉质金相,9
云蒸霞蔚,9
笑逐颜开,9
协调一致,9
谐趣横生,9
有求必应,9
卧薪尝胆,9
渊亭山立,9
欣喜若狂,9
析肝刿胆,9
韦编三绝,9
渭浊泾清,9
温衾扇枕,9
温枕扇席,9
文采风流,9
有根有据,9
文治武力,9
闻风而动,9
稳操胜算,9
昃食宵衣,9
秀外慧中,9
无人不晓,9
学识渊博,9
原封不动,9
欣欣向荣,9
徇公灭私,9
徇国忘己,9
香花供养,9
余音缭绕,9
鱼水相投,9
细针密缕,9
笑容可掬,9
秀色可餐,9
心灵手巧,9
长命富贵　,9
雅人清致,9
咽苦吐甘,9
性情温良,9
逸辈殊伦,9
雄深雅健,9
言必行，行必果,9
震古烁今,9
震撼人心,9
心旷神飞,9
蒸蒸日上,9
雪案萤灯,9
新婚宴尔,9
兴高彩烈,9
真真切切,9
郑重其事,9
优美动听,9
造极登峰,9
枝繁叶茂,9
忧公无私,9
幽默滑稽,9
养晦韬光,9
药到病除,9
扎扎实实,9
游刃有余,9
英姿飒爽,9
有的放矢,9
有伸缩性,9
真心诚意,9
真心真意,9
至高无上,9
尧趋舜步,9
音调优美,9
仪态万方,9
有口皆碑,9
异彩纷呈,9
有同情心,9
治乱存亡,9
之死靡它,9
优哉游哉,9
指挥若定,9
玉宇琼楼,9
有条不紊,9
赞不绝口,9
寓意深长,9
有滋有味,9
着手成春,9
重生父母,9
整齐划一,9
正大光明,9
站得住脚,9
真实可信,9
正人君子,9
折节读书,9
重见天日,9
至尊至贵,9
转海回天,9
转日回天,9
追魂夺命,9
忠肝义胆,9
忠君爱国,9
智勇双全,9
忠君报国,9
追魂摄魄,9
斫雕为朴,9
卓荦超伦,9
紫气东来,9
孜孜不怠,9
钻天入地,9
把玩无厌,8
把握良机,8
不耻最后,8
不可胜言,8
超超率著,8
驰名中外,8
叱诧风云,8
冲上云霄,8
大开眼界,8
寒花晚节,8
回眸一笑,8
惊涛骇浪,8
惊天动地,8
惊心动魄,8
并肩作战,8
历史悠久,8
从蛹化蝶,8
大步跨越,8
大超预期,8
络绎不绝,8
旅游胜地,8
超额完成,8
面若桃花,8
海纳百川,8
富有主见,8
啮血沁骨,8
乐于付出,8
变废为宝,8
持有评级,8
青梅竹马,8
扭亏为盈,8
高谈雄辩,8
全能全智,8
持续增长,8
强兵富国,8
当之无愧,8
保持增长,8
如琬似花,8
难得一见,8
难分难合,8
高枕安卧,8
成绩斐然,8
创历史新高,8
人脉宽广,8
藕断丝连,8
驱霆策电,8
千叮万嘱,8
敲锣放砲,8
十年寒窗,8
慧质兰心,8
嵚崎磊落,8
嵚崎历落,8
富有耐心,8
手足之情,8
受人尊重,8
数不胜数,8
高谈阔论,8
丝思发怨,8
成果丰硕,8
谈吐不凡,8
谈笑风声,8
滔滔不绝,8
婀娜多姿,8
身兼数职,8
推诚相信,8
理直气壮,8
良金美玉,8
绿色食品,8
猛志常在,8
土地改良,8
讨回公道,8
艰苦奋斗,8
仙女下凡,8
思维明锐,8
名至实归,8
相亲相爱,8
相依为命,8
娓娓而谈,8
心怀感恩,8
全智全能,8
心虔志诚,8
心小志大,8
宛如天仙,8
敲锣打鼓,8
万古千秋,8
容易相处,8
美满幸福,8
全盘托出,8
心烦技痒,8
身付异秉,8
取义成仁,8
气质非凡,8
要而言之,8
一本正经,8
一发破的,8
一气呵成,8
一字褒贬,8
胸怀祖国，放眼世界,8
以诚待人,8
迎头赶上,8
天生丽质,8
雄韬伟略,8
秀而不媚,8
宰相肚里能撑船,8
长远发展,8
由衷之言,8
游览胜地,8
长篇大论,8
掞藻飞声,8
英明果断,8
真诚待人,8
值得称道,8
中流击揖,8
长相骏雅,8
抓获归案,8
自主创新,8
作出贡献,8
哀兵必胜,7
爱不忍释,7
爱如己出,7
爱如珍宝,7
安堵如故,7
按荆斩棘,7
按强助弱,7
昂藏七尺,7
八斗之才,7
拔本塞原,7
拔丛出类,7
拔萃出类,7
拔新领异,7
白首北面,7
白衣卿相,7
白玉无瑕,7
百读不厌,7
百花齐放，百家争鸣,7
百炼成钢,7
百炼之钢,7
百伶百俐,7
百龄眉寿,7
百折不挠,7
百折不挠地,7
拜倒辕门,7
拜恩私室,7
倍道兼行,7
比翼齐飞? ,7
别具匠心,7
秉公无私,7
博洽多闻,7
不存芥蒂,7
不亢不卑,7
不愧不作,7
不平则鸣,7
不屈不挠,7
不忍释手,7
不塞不流，不止不行,7
不食周粟,7
不私其利,7
不祧之祖,7
不忘沟壑,7
不为五斗米折腰,7
不畏强暴,7
不由自主,7
布衣疏食,7
布衣蔬食,7
才华横溢,7
才略过人,7
才貌双全,7
灿烂夺目,7
超额利润,7
超轶绝尘,7
鸱目虎吻,7
持盈保泰,7
齿白唇红,7
赤胆忠心,7
初生之犊不怕虎,7
杵臼之交,7
楚楚可人,7
春风雨露,7
春秋鼎盛,7
从一而终,7
从者如云,7
粗衣淡饭,7
粗衣粝食,7
摧锋陷坚,7
摧锋陷阵,7
寸辖制轮,7
达官要人,7
大德不酬,7
大功告成,7
大吉大利,7
大梦初醒,7
大肆厥辞,7
大同境域,7
大智如愚,7
荡气回肠,7
德隆望重,7
德深望重,7
德尊望重,7
登高能赋,7
登高望远,7
砥柱中流,7
地久天长,7
栋梁之材,7
独具匠心,7
独具特色,7
独领风骚,7
独树一帜,7
独占鰲头,7
恩深义重,7
发愤图强,7
房谋杜断,7
非同一般,7
奋不顾身,7
奋发踔厉,7
奋发蹈厉,7
丰功盛烈,7
丰功懿德,7
风恬月朗,7
逢凶化吉,7
凤毛麟角,7
凤毛龙甲,7
凤靡鸾吪,7
凤鸣鹤唳,7
凤舞龙飞,7
凤舞龙蟠,7
凤舞鸾歌,7
凤翥龙翔,7
奉公克己,7
奉公如法,7
奉令承教,7
夫倡妇随,7
跗萼连晖,7
跗萼联芳,7
跗萼载韡,7
伏龙凤雏,7
凫趋雀跃,7
扶老携幼,7
扶倾济弱,7
扶危持倾,7
扶危济困,7
扶危拯溺,7
孚尹旁达,7
浮家泛宅,7
浮想联翩,7
福寿绵绵,7
抚躬自问,7
俯仰无愧,7
黼蔀黻纪,7
负荆请罪,7
赴汤蹈火,7
富贵不能淫,7
富国安民,7
改行从善,7
肝胆相照,7
感今惟昔,7
高不凑低不就,7
高步阔视,7
高才疾足,7
高才绝学,7
高材疾足,7
高官重禄,7
高官尊爵,7
革凡成圣,7
革旧鼎新,7
革面革心,7
革面敛手,7
革面洗心,7
革命反正,7
格古通今,7
各抒已见,7
根盘蒂结,7
根深本固,7
根深蒂结,7
根深叶茂,7
更无长物,7
公平无私,7
功到自然成,7
功德无量,7
攻苦食啖,7
拱挹指麾,7
鹘入鸦群,7
顾盼多姿,7
顾盼神飞,7
顾盼生姿,7
顾全大局,7
刮目相见,7
挂灯结彩,7
贯通融会,7
光采夺目,7
圭角岸然,7
龟年鹤寿,7
龟年鹤算,7
鬼神不测,7
国耳忘家,7
海屋添筹　,7
含情脉脉,7
含仁怀义,7
含霜履雪,7
含辛忍苦,7
含章天挺,7
函盖乾坤,7
汗马之劳,7
汗牛充栋,7
汗牛充屋,7
豪放不羁,7
河山带砺,7
鹤行鸡群,7
鹤鸣九皋,7
很有意义,7
轰天烈地,7
轰天裂地,7
弘誓大愿,7
宏才大略,7
鸿鹄之志,7
鸿渐之仪,7
鸿篇钜制,7
鸿儒硕学,7
鸿鶱凤立,7
鸿翔鸾起,7
鸿轩凤翥,7
哄堂大笑,7
后拥前呼,7
花香鸟语,7
怀瑾握瑜,7
怀珠抱玉,7
怀珠韫玉,7
欢蹦乱跳,7
涣若冰消,7
患难与共,7
黄粱美梦,7
黄雀衔环,7
黄人守日,7
挥戈反日,7
挥沐吐餐,7
浑然天成,7
吉日良辰,7
计日程功,7
价廉物美,7
价廉质优|,7
架海金梁,7
架海金樑,7
坚贞不屈,7
兼覆无遗,7
兼资文武,7
阶级观点,7
节用裕民,7
金碧辉映,7
金碧荧煌,7
金璧辉煌,7
金帛珠玉,7
锦上添花,7
锦心绣肠,7
锦绣江山,7
经纶济世,7
经明行修,7
敬贤爱士,7
敬贤礼士,7
救民水火,7
举世闻名,7
举手之劳,7
举无遗策,7
踽踽凉凉,7
距跃三百,7
君子一言，快马一鞭,7
君子之交淡如水,7
钧天广乐,7
开眉展眼,7
开云见天,7
看杀卫玠,7
慷慨激昂,7
尻舆神马,7
咳唾成珠,7
克尽厥职,7
恪守不渝,7
口服心服,7
口角生风,7
口直心快,7
扣人心弦,7
刳肝沥胆,7
枯骨生肉,7
枯木发荣,7
枯木逢春,7
枯木再生,7
枯树逢春,7
枯枝再春,7
快刀斩乱丝,7
安然举首,7
八窗玲珑,7
拔树寻根,7
百听不厌,7
百折不回,7
抱柱之信,7
弊绝风清,7
廓达大度,7
暗香疏影,7
冰壶秋月,7
览闻辩见,7
烂漫天真,7
烂熳天真,7
烂若舒锦,7
郎才女貌,7
郎才女姿,7
昂头阔步,7
老当益壮,7
老牛舔犊,7
奥妙无穷,7
八面威风,7
乐成人美,7
乐而不厌,7
乐观主义,7
博学多才,7
百战百胜,7
不分彼此,7
了如指掌,7
磊浪不羁,7
磊落不羁,7
磊落飒爽,7
磊落轶荡,7
抱负不凡,7
不遗余力,7
离蔬释蹻,7
礼让为国,7
礼贤下士,7
鲤鱼跳龙门,7
力挽狂澜,7
力争上游,7
立地书橱,7
利齿能牙,7
敝帷不弃,7
沥胆堕肝,7
避让贤路,7
沥胆披肝,7
俐齿伶牙,7
砺世摩钝,7
砺世磨钝,7
连鼇跨鲸,7
连根共树,7
连阶累任,7
连枝并头,7
连枝带叶,7
连枝共冢,7
连枝同气,7
连珠合璧,7
怜贫惜老,7
怜贫恤老,7
怜我怜卿,7
怜香惜玉,7
廉洁奉公,7
敛声屏气,7
除害兴利,7
两袖清风,7
达官贵要,7
大名鼎鼎,7
大直若诎,7
大直若屈,7
料敌制胜,7
不避艰险,7
列土分茅,7
烈烈轰轰,7
德厚流光,7
麟凤龟龙,7
麟肝凤髓,7
灵丹妙药,7
地平天成,7
独鹤鸡群,7
多艺多才,7
恩重如山,7
返哺之恩,7
焚膏继晷,7
忿不顾身,7
丰功硕德,7
令行禁止,7
风流倜傥,7
流溺忘反,7
才高意广,7
流水桃花,7
流星掣电,7
流星飞电,7
流星趕月,7
柳暗花明又一村,7
柳宠花迷,7
柳亸花娇,7
柳亸莺娇,7
柳骨颜筋,7
柳娇花媚,7
柳眉星眼,7
柳暖花春,7
柳弱花娇,7
柳圣花神,7
柳夭桃艳,7
柳腰花态,7
柳腰莲脸,7
柳莺花燕,7
六臂三头,7
六出奇计,7
六畜不安,7
六畜兴旺,7
龙雕凤咀,7
龙凤呈祥,7
龙肝豹胎,7
龙肝凤髓,7
龙翰凤雏,7
龙翰凤翼,7
龙行虎变,7
龙精虎猛,7
龙驹凤雏,7
龙举云属,7
龙举云兴,7
龙眉豹颈,7
龙盘凤舞,7
龙去鼎湖,7
龙伸蠖屈,7
龙神马壮,7
龙腾豹变,7
龙腾凤集,7
龙腾虎蹴,7
龙腾虎啸,7
龙腾虎跃,7
龙腾虎踯,7
龙腾虎掷,7
龙跳虎伏,7
龙跳虎卧,7
龙威虎震,7
龙威燕颔,7
龙骧虎步,7
龙骧虎啸,7
龙骧虎跱,7
龙骧麟振,7
龙翔凤跃,7
龙翔凤翥,7
龙心凤肝,7
龙兴云属,7
龙言凤语,7
龙跃虎踞,7
龙章凤彩,7
龙章凤函,7
龙章凤姿,7
龙章麟角,7
龙章秀骨,7
龙姿凤采,7
镂冰劚雪,7
才贯二酉,7
才思敏捷,7
扶危救困,7
镂玉裁冰,7
路见不平,7
路见不平，拔刀相救,7
路见不平，拔剑相助,7
路无拾遗,7
路遥知马力，日久见人心,7
戮力一心,7
戮力壹心,7
露胆披诚,7
露胆披肝,7
鸾翱凤翥,7
鸾俦凤侣,7
鸾飞凤翥,7
鸾歌凤舞,7
鸾鸣凤奏,7
鸾飘凤泊,7
轮焉奂焉,7
锣鼓喧天,7
率马以骥,7
草木知威,7
草长莺飞,7
辅车相依,7
负重致远,7
马革盛尸,7
马上功成,7
马足龙沙,7
埋轮破柱,7
埋头苦幹,7
迈古超今,7
麦丘之祝,7
麦穗两岐,7
麦穗两歧,7
麦秀两岐,7
麦秀两歧,7
满而不溢,7
满腹诗书,7
满腹珠玑,7
满怀豪情,7
满脸春色,7
满腔热忱,7
满坐风生,7
甘言美语,7
甘雨随车,7
甘旨肥浓,7
感今思昔,7
没世无闻,7
干霄蔽日,7
每饭不忘,7
成仁取义,7
高材捷足,7
持正不阿,7
高官显爵,7
高屋建瓴,7
扪心无愧,7
猛虎插翅,7
猛虎深山,7
猛虎添翼,7
梦笔生花,7
春风得意,7
革旧图新,7
靡坚不摧,7
面壁功深,7
聪明伶俐,7
功薄蝉翼,7
妙语解颐,7
从容应对,7
错彩镂金,7
鼓乐齐鸣,7
鼓乐喧天,7
鳏鱼渴凤,7
冠绝一时,7
名实相符,7
光华夺目,7
过目成诵,7
德隆望尊,7
明察秋毫,7
含垢忍耻,7
地老天荒,7
顶天立地,7
明月清风,7
憞信明义,7
恩同山岳,7
衡石量书,7
鸿函钜椟,7
鸿章钜字,7
目不邪视,7
鹄峙鸾翔,7
目不转睛,7
幕天席地,7
奋勇当先,7
丰功茂德,7
化日光天,7
怀材抱器,7
风流才子,7
涣然冰释,7
挥洒自如,7
回春妙手,7
讷言敏行,7
黼国黻家,7
惠尔不费,7
负重含汙,7
混然天成,7
豁达大度,7
年高德劭,7
涅而不缁,7
腹中兵甲,7
豁然省悟,7
宁为五碎，不为瓦全,7
改行自新,7
扭转乾坤,7
浓妆艳裹,7
驽马十驾,7
疾风知劲草,7
感慨系之,7
加人一等,7
钢筋铁骨,7
驾轻就熟,7
兼善天下,7
高人一等,7
见猎心喜,7
见贤思齐,7
建瓴高屋,7
高斋学士,7
健步如飞,7
高瞻远瞩,7
披红戴花,7
歌功颂德,7
披露肝胆,7
歌声绕梁,7
洁身自律,7
革故鼎新,7
革故立新,7
洁浊扬清,7
金瓯无缺,7
谨行俭用,7
躬先士卒,7
经久不衰,7
共贯同条,7
共挽鹿车,7
敬老尊贤,7
久旱逢甘雨,7
璞玉浑金,7
救困扶危,7
光明磊落,7
救亡图存,7
七贞九烈,7
嘁哩喀喳,7
开心见肠,7
桂折一枝,7
桂枝片玉,7
克己奉公,7
口碑载道　,7
口谐辞给,7
国士无双,7
快心遂意,7
含垢包羞,7
含垢纳汙,7
气骄志满,7
拔山盖世,7
寒泉之思,7
乐道忘饥,7
白玉无暇,7
气压山河,7
气宇轩昂,7
气壮山河,7
昊天罔极,7
雷厉风行,7
离世绝俗,7
离世异俗,7
梨花带雨,7
千锤百炼,7
千金敝帚,7
千里鹅毛,7
千里寄鹅毛,7
千里骏骨,7
千里神交,7
鹤处鸡群,7
千里之足,7
千人唱，万人和,7
千言万语,7
千姿百态,7
迁善去恶,7
横扫千军,7
横翔捷出,7
表演艺术,7
别具一格,7
闳意眇指,7
鸿案相庄,7
前事不忘，后事之师,7
鸿俦鹤侣,7
鸿渐之翼,7
博古通今,7
博览古今,7
潜光匿曜,7
潜光隐德,7
鹄峙鸾停,7
墙头马上,7
麟角凤嘴,7
敲金击石,7
花容玉貌,7
化腐为奇,7
欢欣鼓舞,7
换骨夺胎,7
流水行云,7
黄花晚节,7
黄人捧日,7
马到功成,7
没齿无怨,7
浑然自成,7
魂飞目断,7
出口成章,7
门不夜关,7
垂手而得,7
门庭如市,7
聪明绝顶,7
计行言听,7
大才榱槃,7
大公无私,7
加人一筹,7
大有可为,7
琴心剑胆,7
夹道欢呼,7
明镜高悬,7
铭记镂骨,7
恩同再造,7
青出於蓝,7
青肝碧血,7
青钱学士,7
青山绿水,7
见义勇为,7
报本反始,7
青眼相加,7
青云独步,7
反手可得,7
否极泰来,7
扶危济急,7
必恭必敬,7
倾肠倒肚,7
倾肝沥胆,7
难解难分,7
负气含灵,7
碧血丹心,7
皆大欢喜,7
宁死不屈,7
甘棠遗爱,7
甘心瞑目,7
肝胆涂地,7
解衣推食,7
旰食宵衣,7
旰食之劳,7
钢浇铁铸,7
高头大马,7
高位厚禄,7
高位重禄,7
批郤导窾,7
披荆斩棘,7
披星戴月,7
革旧从新,7
革新变旧,7
经邦纬国,7
公耳忘私,7
公正廉洁,7
兢兢业业,7
平生愿足,7
剖肝沥胆,7
情深潭水,7
光复旧物,7
才高八斗,7
情同手足,7
情文并茂,7
苍翠欲滴,7
救死扶伤,7
国色天姿,7
具有压倒性优势,7
过门不入,7
海怀霞想,7
气度不凡,7
含垢匿瑕,7
绝代佳人,7
求仁得仁,7
气满志得,7
绝甘分少,7
汗牛塞栋,7
行不由径,7
气象万千,7
开国济民,7
开花结实,7
撑门柱户,7
开山祖师,7
洽博多闻,7
开心丸儿,7
恰到好处,7
千叮咛，万嘱咐,7
侃侃訚訚,7
千古不灭,7
慷慨解囊,7
横槊赋诗,7
吃苦在前,7
闳识孤怀,7
鹊笑鸠舞,7
闳言崇议,7
前赴后继,7
鸿业远图,7
匡谬正俗,7
化及豚鱼,7
化民成俗,7
涣尔冰开,7
隳肝沥胆,7
回肠荡气,7
回肠伤气,7
雷嗔电怒,7
绘声绘色,7
力透纸背,7
大白于天下,7
利喙赡辞,7
豁人耳目,7
沥胆隳肝,7
廉顽立懦,7
大获全胜,7
人寿年丰,7
鸡骨支床,7
敛声屏息,7
大快人心,7
鸡鸣起舞,7
鸡犬不惊,7
大义凛然,7
两小无猜　,7
极情尽致,7
计斗负才,7
季布一诺,7
得天独厚,7
济弱扶倾,7
列功覆过,7
骥子龙文,7
家弦户诵,7
陵云之志,7
嘉言懿行,7
零光片羽,7
令行如流,7
琴瑟之好,7
价廉质优,7
日久见人心,7
日理万机,7
日试万言,7
日新月盛,7
日新月著,7
日月合壁,7
坚韧不拔,7
艰苦卓绝,7
兼人之勇,7
噙齿戴发,7
青霄白日,7
门闾之望,7
轻财重义,7
比屋而封,7
闭邪存诚,7
扶善惩恶,7
孚尹明达,7
节用厚生,7
如火如荼,7
如胶似漆,7
如日方升,7
如兄如弟,7
如饮醍醐,7
如鱼得水　,7
付之一笑,7
负重吞污,7
竭尽全力,7
目不斜视,7
别树一帜,7
盖世英雄,7
难分难解,7
津津乐道,7
博大精深,7
清新淡雅,7
荆山之玉,7
精诚团结,7
品学兼优,7
塞上江南,7
井井有条,7
三个臭皮匠，合成一个葛亮,7
三顾茅庐　,7
高官厚禄,7
三阳开泰,7
高见远识,7
破柱求奸,7
不愧屋漏,7
情天孽海,7
九天九地,7
九天揽月,7
琪花瑶草,7
山中宰相,7
气吞山河,7
举贤使能，举贤任能,7
钜学鸿生,7
踞虎盘龙,7
屦及剑及,7
迁善塞违,7
公才公望,7
迁善远罪,7
决胜千里,7
沉鱼落雁,7
君子之接如水,7
骏骨牵盐,7
拳不离手，曲不离口,7
攻苦食淡,7
攻无不克，战无不胜,7
劝善惩恶,7
宽洪海量,7
躬体力行,7
贡禹弹冠,7
崇论宏议,7
悃幅无华,7
来者居上,7
创业垂统,7
乐山乐水,7
从容就义,7
离世遁上,7
离蔬释屩,7
热血沸腾,7
励精图治,7
人给家足,7
大才槃槃,7
沥胆濯肝,7
人杰地灵,7
舍己为公,7
大音希声,7
龟龄鹤算,7
舍已救人,7
涉笔成趣,7
珪璋特达,7
瑰意奇行,7
瑰意琦行,7
桂酒椒浆,7
身手不凡,7
国家栋梁,7
国色天香,7
清风峻节,7
满脸春风,7
深谋远虑,7
清风两袖,7
深入浅出,7
清风亮节,7
没石饮羽,7
繁荣富强,7
酣痛淋漓,7
反败为胜,7
门不夜扃,7
含章挺生,7
奋不顾命,7
愤不顾身,7
豪情满怀,7
凤采鸾章,7
神工天巧,7
神乎其技,7
豪情壮志,7
明见万里,7
神圣工巧,7
博闻强记,7
好问则裕,7
富贵不淫,7
浩然之气,7
腹饱万言,7
改往修来,7
难分难舍,7
才高行洁,7
才气横溢,7
能言巧辩,7
蓬荜生辉　,7
鹤发松姿,7
畅通无阻,7
披肝沥胆,7
生荣死哀,7
横眉吐气,7
红豆相思,7
高不輳低不就,7
闳大不经,7
宏材大略,7
洪炉点雪,7
曲高和寡,7
三寸之舌,7
高人逸士,7
山明水秀,7
气吞宇宙,7
千里之志,7
踔绝之能,7
寸草春晖,7
倩女离魂,7
强直自遂,7
大笔如椽,7
赏心悦目,7
十年树木，百年树人,7
十日之饮　,7
十世同堂,7
十之八九,7
十指连心,7
石烂海枯,7
浑金白玉,7
鼎鼎有名,7
班荆道故,7
识微知著,7
活神活现,7
褒善贬恶,7
饱学之士,7
宝贝疙瘩,7
拾金不昧,7
史无前例,7
矢志不移,7
积雪囊萤,7
矢志不愈,7
容光焕发,7
螓首妮眉,7
少小无猜　,7
奋身不顾,7
舍己从人,7
极负盛誉,7
事在人为,7
风度翩翩,7
风光月霁,7
拭面容言,7
闭月羞花,7
鞭笞天下,7
身经百战,7
深思远虑,7
家骥人璧,7
入木三分,7
含哺鼓腹,7
含冤负屈,7
戛戛独造,7
软玉温香,7
甘心如荠,7
书香世家,7
坚苦卓绝,7
坚忍不拔,7
感今怀昔,7
神色自若,7
兼容并包,7
不恶而严,7
高才卓识,7
和盘托出,7
水火不辞,7
情真意切,7
水落石出,7
水木明瑟,7
水木清华,7
水色山光,7
江左夷吾,7
河山之德,7
赫赫有名,7
匠心独具,7
匠心独运,7
山盟海誓,7
山清水秀,7
硕大无朋,7
超凡脱俗,7
声如洪钟,7
思同再造,7
死不瞑目,7
嚼墨喷纸,7
臣门如市，臣心如水,7
去邪归正,7
驷马不追,7
驷马莫追,7
驷马仰秣,7
松柏之茂,7
松柏之志,7
松枝挂剑,7
嵩生岳降,7
趣味盎然,7
宋斤鲁削,7
宋玉东墙,7
送往事居,7
送眼流眉,7
颂德歌功,7
全神贯注,7
公正不阿,7
夙夜匪懈,7
功不可没,7
拳拳服膺,7
厚往薄来,7
驰名当世,7
虎虎生气,7
鹊笑鸠舞　,7
随方就圆,7
踌躇满志,7
岁寒知松柏,7
饶有余韵,7
祟论宏议,7
遂心应手,7
所向无前,7
供不应求,7
太平盛世,7
古道热肠,7
泰山磐石,7
环肥蕉痪,7
谈论风生,7
谈若悬河,7
谈天论地,7
谈天说地,7
谈吐生风,7
谈笑风生,7
谈笑自如,7
谈玄说妙,7
谈议风生,7
谭天说地,7
谭言微中,7
檀郎谢女,7
金缕玉衣,7
叹为观止,7
骨鲠之臣,7
达官显宦,7
鼓舞欢忻,7
鼓舞欢欣,7
关怀备至,7
韬迹隐智,7
韬曜含光,7
桃花潭水,7
晖光日新,7
桃李精神,7
桃李满天下,7
桃李门墙,7
桃李无言，下自成蹊,7
桃李争妍,7
桃蹊柳陌,7
桃蹊柳曲,7
桃腮柳眼,7
桃羞杏让,7
桃夭柳媚,7
桃之夭夭,7
陶情适性,7
尽善尽美,7
官清法正,7
贯穿融会,7
人生七十古来稀,7
人中骐骥,7
光灿夺目,7
仁心仁闻,7
剔透玲珑,7
仁言利博,7
梯山栈谷,7
禁鼎一脔,7
光宗耀祖,7
十战十胜,7
倜傥不羁,7
舍身为国,7
天保九如,7
独占鳌头,7
天成地平,7
天从人愿,7
舍生忘死,7
天覆地载,7
国而忘家,7
发愤忘食,7
繁荣昌盛,7
融会贯通,7
天下为公,7
势如破竹,7
天下无敌,7
精益求精,7
天涯若比邻,7
天真烂漫,7
事必躬亲,7
田父献曝,7
恬淡无为,7
韩潮苏海,7
韩海苏潮,7
敬上爱下,7
行不苟合,7
神清气茂,7
如释重2,7
守正不阿,7
铁绰铜琶,7
铁打江山,7
铁面鎗牙,7
刚毅不讷,7
河奔海聚,7
生机盎然,7
三年不窥园,7
高朋满座,7
通计熟筹,7
声振林木,7
高识远见,7
君子一言,7
通权达理,7
鸿笔丽藻,7
高抬明镜,7
通儒硕学,7
通时合变,7
通文达礼,7
通文达理,7
通文调武,7
通忧共患,7
通幽洞灵,7
通幽洞微,7
后进之秀,7
同仇敌慨,7
同德同心,7
同德一心,7
同工同酬,7
同力协契,7
同盘而食,7
说一不二,7
同声相应，同气相求,7
同条共贯,7
同文共规,7
同文共轨,7
同心毕力,7
同心并力,7
同心敌忾,7
同心断金,7
同心共胆,7
同心共济,7
同心合胆,7
同心合力,7
同心竭力,7
同心僇力,7
同心戮力,7
同心协济,7
同心协力,7
同心叶力,7
同心一力,7
同心一意,7
同休等戚,7
同休共戚,7
同忧相救,7
铜浇铁铸,7
铜头铁额,7
铜心铁胆,7
厚德载物,7
交口称誉　,7
革凡登圣,7
呼吸相通,7
呼之欲出,7
投刃皆虚,7
华冠丽服,7
咳珠唾玉,7
可歌可泣,7
化腐成奇,7
节俭力行,7
欢天喜地,7
功成弗居,7
土阶茅茨,7
吐哺辍洗,7
吐哺捉发,7
吐胆倾心,7
吐肝露胆,7
吐故纳新,7
吐食握发,7
吐心吐胆,7
兔起凫举,7
兔起鹘落,7
兔走鹘落,7
抟心揖志,7
铿金霏玉,7
推陈致新,7
赏罚分明,7
涣若冰释,7
推襟送抱,7
赏罚严明,7
黄河水清,7
推心致腹,7
辉光日新,7
退旅进旅,7
退食自公,7
拖金委紫,7
拖青纡紫,7
脱手弹丸,7
脱胎换骨,7
脱颖而出,7
脱颖囊锥,7
所向披靡,7
回乾就湿,7
古井无波,7
诲人不惓,7
泰山压卵,7
宽宏大量,7
完好无损,7
完名全节,7
探囊取物,7
匡鼎解颐,7
滔滔不断,7
刮目相待,7
旷心怡神,7
滔滔滚滚,7
豁然顿悟,7
活灵活现,7
桃李成蹊,7
万流景仰,7
万事亨通,7
万象更新,7
万众一心,7
王公大人,7
劳苦功高,7
始终不渝,7
光焰万丈,7
老牛舐犊,7
士饱马腾,7
体态轻盈,7
望影揣情,7
望子成龙,7
乐不可言,7
危言覈论,7
危言逆耳,7
旌旗蔽日,7
乐不可支,7
威凤一羽,7
乐善不倦,7
视如珍宝,7
天保九如　,7
天朗气清,7
煨乾就湿,7
冷嘲热骂,7
离奇古怪,7
既来之，则安之,7
精明强干,7
为民请命,7
天无绝人之路,7
为善最乐,7
违利赴名,7
违时绝俗,7
违世乖俗,7
违世绝俗,7
违世异俗,7
围城打援,7
惟妙惟肖,7
维妙维肖,7
理冤摘伏,7
未焚徙薪,7
未明求衣,7
神清骨秀,7
坚贞不渝,7
肩劳任怨,7
好天良夜,7
好样儿的,7
兼功自厉,7
浩浩荡荡,7
浩如烟海,7
调和鼎鼐,7
输肝写胆,7
救灾恤邻,7
何乐不为,7
双宿双飞,7
文风不动,7
玲珑剔透,7
玲珑透漏,7
亭亭玉立,7
文修武偃,7
文圆质方,7
文章宗工,7
文质彬彬,7
流脍人口,7
文子同升,7
流连忘反,7
生龙活虎,7
闻风而至,7
通材达识,7
镂冰雕琼,7
闻一知二,7
声名远播,7
通力合作,7
君圣臣贤,7
通儒达识,7
同仇敌忾,7
死而后已,7
户限为穿,7
汶阳田反,7
门不停宾,7
我顶顶顶,7
搜岩采幹,7
阶级斗争,7
怀才抱器,7
涂歌里抃,7
欢声笑语,7
欢忻鼓舞,7
握雾拏云,7
握瑜怀瑾,7
握云拿雾,7
乌衣门第,7
乌衣之游,7
乌衣子弟,7
屋乌推爱,7
妙手丹青,7
民族英雄,7
隋侯之珠,7
屠门大嚼,7
名列榜首,7
推诚布公,7
推诚置腹,7
无胫而走,7
苦心孤诣,7
无拘无碍,7
无可讳言,7
无可挑剔,7
无可置辩,7
无名英雄,7
名下无虚,7
无名之朴,7
无偏无陂,7
无偏无倚,7
退避三舍,7
无巧不成话,7
泰山北斗,7
无师自通,7
无施不效,7
吞纸抱犬,7
快人快性,7
弯弓饮羽,7
无所回避,7
无所忌讳,7
无所畏惮,7
无所畏惧,7
无往不利,7
无微不至,7
无为而成,7
无为而治,7
无为自成,7
无为自化,7
明眸皓齿,7
堂哉皇哉,7
无与比伦,7
桃李不言，下自成行,7
淘沙得金,7
摩拳擦掌,7
希世之宝,7
昆山片玉,7
惜墨如金,7
击楫中流,7
梯山架壑,7
万家生佛,7
惊世骇俗,7
忘餐废寝,7
忘寝废食,7
望眼将穿,7
替天行道,7
牛角挂书,7
怒蛙可式,7
喜出望外,7
视死如归,7
精金良玉,7
际会风云,7
济世安民,7
喷有烦言,7
弸中彪外,7
煨乾避湿,7
娓娓不倦,7
未艾方兴,7
救苦救难,7
两肋插刀,7
下笔成篇,7
下车泣罪,7
下情上达,7
屏气凝神,7
温润而泽,7
仙姿佚貌,7
铁板铜琶,7
铁板铜弦,7
灵蛇之珠,7
灵心慧齿,7
文觌武匿,7
聚精会神,7
文无加点,7
流连忘返,7
决断如流,7
满座风生,7
气满志骄,7
通时达变,7
通书达礼,7
问安视寝,7
问罪之师,7
截断众流,7
握素怀铅,7
握素披黄,7
涂歌里咏,7
涂歌巷舞,7
随物赋形,7
名列前茅,7
无胫而来,7
退食从容,7
完璧归赵,7
韬光俟奋,7
跷足抗手,7
魁梧奇伟,7
琨玉秋霜,7
物华天宝,7
南州冠冕,7
蹄閒三寻,7
体大思精,7
忘生舍死,7
相儒以沫,7
相视而笑，莫逆于心,7
亲操井臼,7
亲密无间,7
望衡对宇,7
倜傥之才,7
望其项背,7
危言正色,7
青钱万选,7
喜气洋洋,7
磊落光明,7
天网恢恢,7
喜形於色,7
天真烂熳,7
景星麟凤,7
敬天爱民,7
沥胆抽肠,7
倾耳注目,7
廉洁自律,7
贫而无谄,7
久要不忘,7
清风高节,7
霞姿月韵,7
下阪走丸,7
清心寡欲,7
清新俊逸,7
铁板歌喉,7
灵心慧性,7
文弛武玩,7
普天同庆,7
铁画银钩,7
铁面无私,7
铁中铮铮,7
通变达权,7
胁不沾席,7
没齿不忘,7
通人达才,7
气贯长虹,7
通文达艺,7
同声共气,7
偷寒送暖,7
开云见日,7
心到神知,7
恰如其分,7
心地善良,7
迁善黜恶,7
心甘情原,7
心肝宝贝,7
心贯白日,7
心口相应,7
全心全意,7
心旷神恬,7
心旷神愉,7
妙不可言,7
慷慨赴义,7
握发吐哺,7
握发吐飧,7
心凝形释,7
心细如发,7
犬马之报,7
握铅抱椠,7
握手言欢　,7
贤妻良母,7
鹊反鸾惊,7
无官一身轻,7
无价之宝,7
涂歌邑诵,7
名满天下,7
推陈出新,7
孔武有力,7
前仆后继,7
无偏无颇,7
无一不备,7
无一不知,7
匡衡凿壁,7
人喊马嘶,7
无衣之赋,7
无以塞责,7
物美价廉,7
网开一面,7
嘻嘻哈哈,7
衾影无惭,7
喜见於色,7
惺惺相惜,7
形输色授,7
形影不离,7
形影相对,7
形影相附,7
形影相随,7
形影相追,7
形只影单,7
兴高采烈,7
乐业安居,7
荣誉军人,7
为国捐躯,7
为虎傅翼,7
轻徭薄赋,7
胸有邱壑,7
胸有悬镜,7
胸中甲兵,7
雄材大略,7
雄飞雌伏,7
贫而乐道,7
像心如意,7
敛锷韬光,7
小有名气,7
温香艳玉,7
漆身吞炭,7
文丝不动,7
绿水青山,7
休戚与共,7
马到成功,7
气冲霄汉,7
琼林玉树,7
掀天斡地,7
色授魂与,7
美轮美奂,7
去暗投明,7
问寝视膳,7
问羊知马,7
心慈面软,7
虚怀若谷,7
呴湿濡沫,7
全知全能,7
赏劳罚罪,7
潜休隐德,7
心雄万夫,7
心照神交,7
无坚不陷,7
强嘴硬牙,7
名扬天下,7
巧不可阶,7
雪窗萤几,7
新婚燕尔,7
血肉相连,7
舍身求法,7
伸冤理枉,7
无与为比,7
五言长城,7
亲如手足,7
犀燃烛照,7
哑巴拾金条－喜不可言,7
青云直上,7
深明大义,7
祥麟威凤,7
形孤影只,7
轻徭薄税,7
倾耳而听,7
匹马一麾,7
片言折狱,7
隙穴之窥,7
霞明玉映,7
平易近人,7
情意绵绵,7
效死输忠,7
七步成诗,7
言近指远,7
言来语去,7
言论风生,7
言听行从,7
言笑自若,7
言语妙天下,7
声应气求,7
研经铸史,7
效死勿去,7
驱雷掣电,7
颜骨柳筋,7
曲尽其妙,7
盛极一时,7
奇光异彩,7
先意希旨,7
奇珍异宝,7
休明盛世,7
岂弟君子,7
燕燕莺莺,7
燕众议员虎颈,7
休休有容,7
扬威耀武,7
秀出班行,7
阳春白雪,7
阳关大道,7
杀敌致果,7
时运亨通,7
气壮河山,7
洽闻强记,7
夭桃秾李,7
夭桃襛李,7
千里之驹,7
腰缠万贯,7
尧天舜日,7
姚黄魏紫,7
瑶林琼树,7
药笼中物,7
药石之言,7
要言不烦,7
野鹤孤云,7
野鹤闲云,7
热火朝天,7
一笔一划,7
一秉至公,7
一不做，二不休,7
一蹴而就,7
一代风流,7
一德一心,7
一介不取,7
一举成名,7
矢志不渝,7
一马当先,7
一诺千金,7
一琴一鹤,7
一清如水,7
一日九迁,7
一身清白,7
一世龙门,7
一世之雄,7
一树百获,7
一丝不苟,7
一无所失,7
一笑干金,7
一心一德,7
一言以蔽之,7
一衣带水,7
一以当十,7
一枝独秀,7
一柱擎天,7
衣被群生,7
世上无难事，只怕有心人,7
强记博闻,7
强识博闻,7
悬石程书,7
强中更有强中手,7
绚丽多彩,7
雪胎梅骨,7
星移斗转,7
相忍为国,7
香车宝马,7
以礼相待,7
以沫相濡,7
以手加额,7
以汤沃雪,7
以一当十,7
以义割恩,7
亿万斯年,7
守望相助　,7
守正不回,7
形孤影寡,7
牙签锦轴,7
响彻云霄,7
轻身重义,7
雅人韵士,7
清风劲节,7
宵鱼垂化,7
升堂入室,7
孝子顺孙,7
轶群绝类,7
言而不渝,7
言简义丰,7
研精竭虑,7
研精覃思,7
肃然起敬,7
燕雀相贺　,7
燕舞莺啼,7
心照情交,7
遂心满意,7
碎身糜躯,7
善马熟人,7
燃荻夜读,7
秀外愿中,7
仰屋著书,7
夭桃称李,7
饮灰洗胃,7
饮马投钱,7
饮泉清节,7
瑶林玉树,7
赏罚信明,7
实至名归,7
夜以继日,7
一块石头落了地,7
一诺干金,7
誓死不二,7
馨香祷祝,7
守口如瓶,7
信誓旦旦,7
深藏若虚,7
天开图画,7
兄弟怡怡,7
数一数二,7
汹涌澎湃,7
胸怀坦白,7
如影随形,7
恬不知怪,7
神霄绛阙,7
水到渠成,7
审时度势,7
水米无交,7
入室升堂,7
映雪读书,7
铁郭金城,7
研精殚思,7
通今博古,7
师道尊严,7
意气扬扬,7
搜索肾胃,7
山肤水豢,7
夭桃穠李,7
业精于勤,7
学老於年,7
雪案萤窗,7
雪窗萤火,7
天从人原,7
衙官屈宋,7
深中笃行,7
万夫不当,7
王后卢前,7
神采焕发,7
爽心悦目,7
神龙马壮,7
神施鬼设,7
生死骨肉,7
声情并茂,7
言而有信,7
言芳行洁,7
游响停云,7
研精殚力,7
渭川千亩,7
雍容尔雅,7
雍容华贵,7
燕歌赵舞,7
温文儒雅,7
探骊得珠,7
阳春有脚,7
途途是道,7
一鸣惊人,7
推亡固存,7
闻名遐迩,7
舐犊情深,7
誓海盟山,7
手足胼胝,7
莺啼燕语,7
淑质英才,7
疏财仗义,7
恬不为意,7
郢人运斧,7
忧国如家,7
爽心豁目,7
无拘无缚,7
危言高论,7
无施不可,7
抑暴扶弱,7
无私之光,7
易如破竹,7
通儒达士,7
搜肠润吻,7
速战速决,7
犀照牛渚,7
投木报琼,7
余霞成绮,7
余音袅袅,7
洗手奉职,7
鱼水和谐,7
团头聚面,7
鱼跃鸢飞,7
娱心悦目,7
抟心壹志,7
喜上眉梢,7
温情密意,7
推梨让枣,7
堂皇富丽,7
堂堂正正,7
滔滔不竭,7
退藏於密,7
文人无行,7
雨过天青,7
雨后春笋,7
雨帘云栋,7
禹惜寸阴,7
语出月胁,7
语简意赅,7
语妙绝伦,7
语妙天下,7
语重情深,7
语重心沉,7
语重心长,7
玉骨冰肌,7
玉清冰洁,7
脱天漏网,7
唾地成文,7
遐迩闻名,7
讨恶翦暴,7
外简内明,7
郁郁葱葱 ,7
外宽内明,7
仙风道骨,7
遇物持平,7
先人后已,7
倜傥不群,7
英雄所见略同,7
英雄所见略同　,7
稳如泰山,7
沃野千里,7
掀天揭地,7
天作之合,7
贤良方1,7
望尘追迹,7
无敌于天下,7
无名之璞,7
衔华佩实,7
委委佗佗,7
通古博今,7
有缘千里来相会,7
通幽动微,7
痛快淋漓,7
有志者事竟成,7
勇猛直前,7
向明而治,7
像心称意,7
逍遥自得,7
鱼鱼雅雅,7
推己及物,7
推轮捧毂,7
推贤让能,7
孝子爱日,7
孝子慈孙,7
与物无忤,7
瓮中捉鳖,7
我黼子佩,7
遐迩著闻,7
云涌飙发,7
霞蔚云蒸,7
渊清玉絜,7
渊图远算,7
忘啜废枕,7
望表知里,7
心灵性巧,7
心细於发,7
威望素著,7
逶迤退食,7
再造之恩,7
辛壬癸甲,7
巍然屹立,7
委曲求全,7
魏紫姚黄,7
温良谦恭让,7
远见卓识,7
有进无退,7
修桥补路,7
啧啧称羡,7
瓮中之鳖,7
跃然纸上,7
褎然举首,7
掀天动地,7
渊蜎蠖伏,7
无胫而至,7
有头有尾,7
悬河泻水,7
削铁如泥,7
沅茝灃兰,7
沅茝醴兰,7
再生之德,7
羡慕ING,7
惜客好义,7
新硎初试,7
噀玉喷珠,7
牙签犀轴,7
幼学壮行,7
远垂不朽,7
长盛不衰,7
嫣然一笑,7
仗义疏财,7
月下花前,7
玉箫金琯,7
月下老人,7
郁郁芊芊,7
浴血奋战,7
颜筋柳骨,7
熊罴入梦　,7
扬眉瞬目,7
心慈好善,7
渊渟岳立,7
闲云野鹤,7
贤良方正,7
贤母良妻,7
贤贤易色,7
斩头沥血,7
雪中送炭,7
战无不胜，攻无不取,7
义无反顾,7
信赏必罚,7
信手拈来,7
月夕花朝,7
严以律己，宽以待人,7
岩居川观,7
搤臂啮指,7
啧啧称赞,7
洋洋大观,7
甑尘釜鱼,7
运筹帷幄,7
英次飒爽,7
轩轩甚得,7
悬灯结彩,7
心仪已久,7
再生父母,7
欣然自得,7
欣欣自得,7
信而好古,7
信及豚鱼,7
义正词严,7
信誉卓著,7
雅俗共赏,7
严气1性,7
掌上明珠,7
谊切苔岑,7
勇者不慎,7
用兵如神,7
贞风亮节,7
枕席过师,7
只可意会，不可言传,7
仰不愧天,7
知难而退,7
栩栩如生,7
银钩虿尾,7
要言妙道,7
战无不胜，攻无不克,7
怡情悦性,7
义正辞严,7
勇猛果敢,7
有始有卒,7
勇者不惧,7
之死摩它,7
杨柳宫眉,7
英雄豪杰,7
直谅多闻,7
有凤来仪,7
英姿焕发,7
抑强扶弱,7
指天誓日,7
逸态横生,7
逸兴遄飞,7
郁郁沉沉,7
勇冠三军,7
意气风发,7
之死靡他,7
英雄好汉,7
舆死扶伤,7
源远流长,7
玉振金声,7
鸳俦凤侣,7
渊涓蠖濩,7
稚齿婑婿,7
擿奸发伏,7
有理有据,7
允文允武,7
知无不言，言无不尽,7
脂膏不润,7
有勇知方,7
掷果潘安,7
有胆有识,7
有脚阳春,7
置之度外,7
玉箫金管,7
指天誓心,7
渊渟岳峙,7
圆木警枕,7
玉树琼枝,7
治国安民,7
渊谋远略,7
众星捧月,7
月里嫦娥,7
沅芷澧兰,7
长生不老,7
沅芷湘兰,7
钟灵毓秀,7
周急济贫,7
载歌载舞,7
智者千虑，必有一失 ,7
朱轮华毂,7
朱甍碧瓦,7
朱弦三叹,7
珠零锦粲,7
珠围翠绕,7
中流砥柱,7
竹苞松茂　,7
竹林七贤,7
铮铮铁骨,7
劚山觅玉,7
主敬存诚,7
再造之思,7
赞叹不已,7
长乐未央,7
朱楼碧瓦,7
朱楼绮户,7
正义战争,7
众志成城,7
张灯结彩,7
正明公道,7
麈尾之诲,7
祝咽祝哽,7
重于泰山,7
祝鲠祝噎,7
祝鲠祝饐,7
至理名言,7
正面人物,7
拄笏西山,7
珠围翠拥,7
正言厉色,7
正襟危坐,7
至大至刚,7
拄颊看山,7
煮粥焚须,7
正义凛然,7
只争朝夕,7
柱天踏地,7
芝兰之室,7
追风逐影,7
忠于职守,7
志在千里,7
质优价廉,7
转祸为福,7
至死不变,7
忠心耿耿,7
追风逐电,7
中流底柱,7
珠联璧合,7
追风摄景,7
昼乾夕惕,7
忠心赤胆,7
追风掣电,7
主一无適,7
追风蹑影,7
追风逐日,7
螽斯衍庆　,7
卓乎不群,7
祝哽祝噎,7
拄笏看山,7
壮发冲冠,7
壮气凌云,7
追风蹑景,7
孜孜不倦,7
专心致志,7
祝僇祝鲠,7
追远慎终,7
追云逐电,7
转危为安,7
壮士断腕,7
卓然不群,7
壮志凌云,7
自告奋勇,7
自强不息,7
自我陶醉,7
自得其乐,7
卓尔不群,7
卓有成效,7
卓荦不羁,7
卓尔独行,7
足蹈手舞,7
走召弓虽,7
邹衍谈天,7
祖功宗德,7
祖武宗文,7
自食其力,7
锱铢不爽,7
足音空谷,7
晬面盎背,7
尊无二上,7
尊师重道,7
左铅右椠,7
左图右史,7
左图右书,7
左宜右宜,7
左右逢原,7
左右图史,7
作小服低,7
坐不重席,7
坐筹帷幄,7
坐树不言,7
坐卧不离,7
坐无虚席,7
坐薪尝胆,7
坐薪悬胆,7
坐拥百城,7
坐拥书城,7
坐运筹策,7
座无虚席,7
不避斧铽,6
恨相知晚,6
俭可养廉,6
君于一言，快马一鞭,6
老骤伏枥,6
不言而信,6
名德重望,6
名公巨卿,6
名公巨人,6
名公钜卿,6
名公钜人,6
磨形炼性,6
沐仁浴义,6
沐日浴月,6
囊锥露颖,6
披心相付,6
蕙心纨质,6
名卿钜公,6
沁入心脾,6
磨而不磷，涅而不缁,6
呕心镂骨,6
谦让末遑,6
沁人心肺,6
沁人心腑,6
名流巨子,6
明人不做暗事,6
明堂1道,6
磨不磷，涅不缁,6
磨砥刻厉,6
权变锋出,6
名不虚得,6
名不虚立,6
明公正义,6
宁可玉碎，不能瓦全,6
强作解人,6
说一是一,6
矫矫不群,6
铁杵成针,6
脱口而出,6
明公正道,6
明公正气,6
明堂正道,6
明月入怀,6
摩顶放踵,6
磨砻浸灌,6
磨礲浸灌,6
惜玉怜香,6
呕心滴血,6
起死人，肉白骨,6
涅而不淄,6
为国捐躯 ,6
晓以利害,6
一言九鼎,6
以理服人,6
人中之龙,6
天人共鉴,6
谢天谢地,6
宜截了当,6
志坚行苦,6
知之为知之,6
谆谆告诫,6
自圆其说,6
自求多福,6
哀感顽艳,5
蔼然可亲,5
蔼然仁者,5
爱国如家,5
爱国主义,5
爱人好士,5
爱人以德,5
爱日惜力,5
爱素好古,5
爱惜羽毛,5
安定团结,5
安分守己,5
安魂定魄,5
安危与共,5
安心乐意,5
鞍不离马，甲不离身,5
案无留牍,5
暗送秋波,5
昂昂自若,5
昂然直入,5
昂首阔步,5
昂首挺胸,5
昂头挺胸,5
鳌头独占,5
鳌掷鲸呿,5
傲然屹立,5
傲雪凌霜,5
八公山上，草木皆兵,5
八面受敌,5
八面莹澈,5
八珍玉食,5
巴巴急急,5
巴巴结结,5
拔刀相助,5
拔地倚天,5
拔山超海,5
把酒持螯,5
白发丹心,5
白骨再肉,5
白首不渝,5
白首之心,5
白水鉴心,5
白头偕老,5
白雪阳春,5
白衣公卿,5
百败不折,5
百步穿杨,5
百尺竿头，更进一步,5
百川归海,5
百代文宗,5
百堵皆作,5
百二河山,5
百二山河,5
百发百中,5
百废俱兴,5
百花齐放,5
百花生日,5
百卉千葩,5
百家争鸣,5
百举百全,5
百年偕老,5
百事大吉,5
摆袖却金,5
抱玉握珠,5
豹死留皮,5
卑礼厚币,5
被褐怀玉,5
笔走龙蛇,5
鞭辟近里,5
抃风儛润,5
变古易常,5
辨日炎凉,5
别开生面,5
别开一格,5
别树一旗,5
别有风味,5
冰肌玉骨,5
冰洁渊清,5
冰清玉粹,5
冰清玉洁,5
冰清玉润,5
兵藏武库，马入华山,5
兵未血刃,5
兵销革偃,5
秉持公正,5
剥极则复,5
剥茧抽丝,5
伯乐相马,5
伯埙仲篪,5
博闻强识,5
补偏救弊,5
不耻下问,5
不揣冒昧,5
不丰不杀,5
不甘后人,5
不拘一格,5
不媿下学,5
不蔓不支,5
不名一格,5
不挠不屈,5
不挠不折,5
不偏不党,5
不偏不倚,5
不欺闇室,5
不欺暗室,5
不弃草昧　,5
不容置辩,5
不爽毫发,5
不爽累黍,5
不祧之宗,5
不同流俗,5
不吐不茹,5
不畏艰险,5
不务空名,5
不以人废言,5
不亦乐乎,5
不易之论,5
不远千里,5
不在话下,5
不折不扣,5
不知寝食,5
不忮不求,5
不自满假,5
步步生莲华,5
才高七步,5
才高气清,5
才誇八斗,5
材高知深,5
材茂行絜,5
材雄德茂,5
财运亨通,5
参天贰地,5
惨绿少年,5
畅所欲言,5
绰约多姿,5
车马盈门,5
出手不凡,5
出水芙蓉,5
初露锋芒,5
楚楚动人,5
春和景明,5
春暖花开,5
春暖花香,5
春深似海,5
春意盎然,5
促膝谈心,5
催人奋进,5
摧坚陷阵,5
措置裕如,5
打富济贫,5
大彻大悟,5
大澈大悟,5
大处着眼,5
大胆包身,5
大刀阔斧,5
大塊文章,5
大路椎轮,5
大头小尾,5
大显神通,5
大智若愚,5
带减腰围,5
带金佩紫,5
带牛佩犊,5
带月披星,5
胆大泼天,5
胆大心细,5
胆大心小,5
胆大心雄,5
胆大於身,5
道不拾遗,5
道高德重,5
道路相望,5
道貌凛然,5
道貌俨然,5
道同契合,5
道同义合,5
道同志合,5
得手应心,5
得心应手,5
得意扬扬,5
德才兼备,5
德重恩弘,5
独当一面,5
独秀一枝,5
独占鼇头,5
独占鳖头,5
防患未然,5
防微杜渐,5
分文不取,5
奋发有为,5
风樯阵马,5
风清月白,5
风清月皎,5
风清月朗,5
风调雨顺,5
凤凰来仪,5
凤毛济美,5
凤鸣朝阳,5
凤引九雏,5
佛头着粪,5
佛眼佛心,5
佛眼相看,5
否极泰回,5
否极阳回,5
否往泰来,5
否终则泰,5
福至心灵,5
傅粉何郎,5
富贵浮云,5
改恶为善,5
改邪归正,5
肝脑涂地,5
敢作敢当,5
敢作敢为,5
感恩图报,5
高才远识,5
高山流水,5
革旧维新,5
革面悛心,5
革邪反正,5
各奔前程,5
各得其宜,5
各取所需,5
耿介不阿,5
公平合理,5
顾盼生辉,5
刮目相看,5
官法如炉,5
冠山戴粒,5
光彩夺目,5
光彩射人,5
光彩耀目,5
光彩溢目,5
规重矩叠,5
海屋筹添,5
海晏河清,5
酣畅淋漓,5
含蓼问疾,5
含明隐迹,5
含商咀徵,5
含瑕积垢,5
含辛茹苦,5
寒灰更然,5
行者让路,5
毫不利己,5
毫分缕析,5
毫厘不爽,5
毫无错误,5
豪杰蜂起,5
河目海口,5
河清海晏,5
河清海宴,5
河清三日,5
河清社鸣,5
河清云庆,5
河润泽及,5
河沙世界,5
河晏水清,5
涸鱼得水,5
鹤鸣之士,5
鹤势螂形,5
黑白分明,5
很有抱负,5
烘堂大笑,5
鸿均之世,5
鸿篇巨制,5
鸿爪留泥,5
鸿爪雪泥,5
后来居上,5
后来之秀,5
化险为夷,5
怀里装梳子－舒心,5
回邪入正,5
回心转意,5
诲人不倦,5
惠而不费,5
击节称赏　,5
饥不暇食,5
饥冻交切,5
积厚流广,5
颊上三毛,5
假人辞色,5
坚强不屈,5
见经识经,5
见危授命,5
见危致命,5
见微知萌,5
见义必为,5
见义敢为,5
浆水不交,5
交能易作,5
斠若画一,5
解剑拜仇,5
解黏去缚,5
解衣槃磅,5
借身报仇,5
今日有酒今日醉,5
金镳玉辔,5
金波玉液,5
金城千里,5
金城汤池,5
金翅擘海,5
金貂取酒,5
金貂贳酒,5
金断觿决,5
金刚怒目,5
金刚眼睛,5
金光盖地,5
金闺国士,5
金辉玉洁,5
金浆玉醴,5
金科玉律,5
金口木舌,5
金口御言,5
金声掷地,5
金石交情,5
金石良言,5
金石丝竹,5
金石为开,5
金石之交,5
金石之言,5
金石至交,5
金台市骏,5
金淘沙拣,5
金相玉式,5
金相玉映,5
金相玉振,5
金玉锦绣,5
金玉满堂,5
金章玉句,5
金鳷擘海,5
锦瑟华年,5
锦团花簇,5
锦心绣腹,5
锦胸绣口,5
锦绣肝肠,5
锦绣山河,5
谨身节用,5
谨始虑终,5
谨终慎始,5
尽欢而散,5
尽态极妍,5
进旅退旅,5
进贤拔能,5
进贤黜奸,5
进贤黜佞,5
进贤达能,5
进贤屏恶,5
进贤退奸,5
进贤退佞,5
进贤退愚,5
进贤兴功,5
进贤用能,5
惊才绝艳,5
惊起梁尘,5
惊天地泣鬼神,5
惊喜交集,5
精彩纷呈,5
井渫不食,5
井渫莫食,5
景星凤皇,5
敬老慈少,5
九衢三市,5
灸艾分痛,5
酒酣耳热,5
救饥拯溺,5
救难解危,5
救黥医劓,5
救人须救彻,5
救时厉俗,5
举贤任能,5
举一反三,5
举止端庄,5
举止文雅,5
举足轻重,5
君子好逑,5
开口见心,5
开宗明义,5
看莱吃饭，量体裁衣,5
康庄大道,5
刻雾裁风,5
口若悬河,5
口吻生花,5
苦尽甘来,5
宽宏海量,5
安国富民,5
宽人大度,5
安如泰山,5
安身乐业,5
安生服业,5
昂霄耸壑,5
傲骨嶙嶙,5
匡救弥缝,5
八面张罗,5
背井离乡,5
倍道而进,5
本支百世,5
安富恤贫,5
比户可封,5
笔扫千军,5
安心落意,5
璧坐玑驰,5
鞭辟入里,5
安于一隅,5
表里如一,5
安宅正路,5
别具只眼,5
别开蹊径,5
来者勿拒,5
揽辔澄清,5
揽辔登车,5
揽辔中原,5
牢不可破,5
牢甲利兵,5
冰壸秋月,5
鳌掷鲸吞,5
兵强将勇,5
傲雪欺霜,5
兵强则灭,5
秉笔直书,5
拨草瞻风,5
拨乱为治,5
拔山举鼎,5
博览五车,5
乐而不荒,5
乐而不淫,5
乐而忘返,5
白黑分明,5
博闻强志,5
百兽率舞,5
擘两分星,5
乐退安贫,5
班师回朝,5
班衣戏采,5
不骄不躁,5
半面不忘,5
不可多得,5
保泰持盈,5
不吝金玉,5
不落窠臼,5
雷霆万钧,5
磊磊落落,5
磊落豪横,5
不食烟火,5
抱椠怀铅,5
抱子弄孙,5
不遗巨细,5
不栉进士,5
犁庭扫穴,5
背暗投明,5
背碑覆局,5
才疏志大,5
本草纲目,5
材优幹济,5
历久不衰,5
历演不衰,5
厉兵秣马,5
厉行节约,5
比冀齐飞,5
柴立不阿,5
立功赎罪,5
立身扬名,5
笔大如椽,5
阐扬光大,5
笔下超生,5
常备不懈,5
倡条冶叶,5
绰有余裕,5
沥血叩心,5
超级大国,5
沥血披心,5
连舆并席,5
连舆接席,5
连战皆捷,5
连枝分叶,5
辨若悬河,5
辨物居方,5
朝闻夕改,5
标新竖异,5
惩前毖后,5
炼石补天,5
持之以恒,5
别创一格,5
别具手眼,5
赤心相待,5
出口不凡,5
出其不意,5
彬彬有礼,5
出奇制胜,5
出以公心,5
冰魂素魄,5
春风满面,5
春风夏雨,5
兵无血刃,5
从善如登,5
大匠运斤,5
量枘制凿,5
量体裁衣,5
量凿正枘,5
寥寥无几,5
燎发摧枯,5
跛鳖千里,5
道合志同,5
不避水火,5
临危不惧,5
淋漓尽致,5
不步人脚,5
德艺双馨,5
不法常可,5
冬日可爱,5
不敢告劳,5
不讳之路,5
不讳之门,5
繁华胜地,5
不露斤斧,5
返邪归正,5
不落俗套,5
丰亨豫大,5
令人鼓舞,5
令人满意,5
令人起敬,5
令人钦佩,5
令人信服,5
刘毅答诏,5
流风回雪,5
流风馀韵,5
不厌其烦,5
流离播越,5
流离转徙,5
不知肉味,5
凤凰于飞,5
柳暗花明,5
柳暗花遮,5
柳绿花红,5
柳绿桃红,5
柳门竹巷,5
柳烟花雾,5
柳影花阴,5
六街三陌,5
六街三市,5
六韬三略,5
龙雏凤种,5
龙飞凤舞,5
龙飞凤翔,5
龙飞凤翥,5
龙飞虎跳,5
龙行虎步,5
龙马精神,5
龙眉凤目,5
龙盘凤翥,5
龙盘虎拏,5
龙蟠虎伏,5
龙蛇飞动,5
龙蛇飞舞,5
龙腾虎踞,5
龙翔凤舞,5
龙翔虎跃,5
龙颜凤姿,5
龙蛰蠖屈,5
否去泰来,5
镂月裁云,5
鲁殿灵光,5
陆詟水栗,5
路见不平，拔刀相助,5
露钞雪纂,5
露红烟绿,5
露红烟紫,5
露纂雪钞,5
鸾风和鸣,5
鸾凤和鸣,5
鸾鹄停峙,5
鸾鹄在庭,5
鸾回凤翥,5
鸾跂鸿惊,5
鸾停鹄峙,5
鸾翔凤集,5
鸾翔凤翥,5
鸾音鹤信,5
鸾吟凤唱,5
鸾舆凤驾,5
洛阳才子,5
洛阳纸贵,5
落落大方,5
闾阎安堵,5
屡试不爽,5
履汤蹈火,5
惨绿年华,5
福寿无疆,5
绰绰有余,5
马入华山,5
改天换地,5
埋头苦干,5
满载而归,5
朝阳鸣凤,5
趁热打铁,5
敢勇当先,5
眉开眼笑,5
眉目如画,5
眉目勿画,5
眉清目秀,5
眉头一皱,5
眉头一皱，计上心来,5
美不胜收,5
惩恶劝善,5
刚直不阿,5
钢铁长城,5
高歌猛进,5
櫜弓卧鼓,5
门无杂客,5
格守不渝,5
迷涂知反,5
靡颜腻理,5
公道合理,5
面目一新,5
公明正大,5
公平正直,5
面无愧色,5
邈处欿视,5
妙绝时人,5
聪明智慧,5
功成不居,5
妙算神机,5
妙想天开,5
从容不迫,5
功成事立,5
民富国强,5
民和年丰,5
民生在勤,5
民殷国富,5
从善如流,5
鼓腹击壤,5
名副其实,5
打恭作揖,5
故旧不弃,5
贯朽粟红,5
大好河山,5
名士风流,5
大家闺秀,5
大展宏图,5
鬼设神施,5
滚瓜流水,5
道高望重,5
海阔天空,5
明窗净几,5
含垢忍辱,5
地利人和,5
汗马功劳,5
行侠好义,5
顶天踵地,5
明目达聪,5
独出新裁,5
和和气气,5
河出伏流,5
对症发药,5
河溓海晏,5
鸣野食苹,5
河溓海夷,5
敦本务实,5
铭感不忘,5
鹤骨松筋,5
铭心镂骨,5
闳意妙指,5
反朴还淳,5
谋及庶人,5
木人石心,5
目光如炬,5
目光远大,5
目击道存,5
目量意营,5
目牛无全,5
目无全牛,5
拏风跃云,5
纳谏如流,5
花花绿绿,5
花团锦簇,5
怀银纡紫,5
黄金时代,5
难舍难分,5
内峻外和,5
内省不疚,5
能工巧匠,5
绘影绘色,5
能上能下,5
能牙利齿,5
富国强兵,5
泥而不滓,5
你追我趕,5
年丰时稔,5
年富力强,5
年高德卲,5
年高望重,5
鸟枪换炮,5
袅袅婷婷,5
改行为善,5
活蹦活跳,5
牛角书生,5
改柯易叶,5
击壤而歌,5
浓桃艳李,5
鸡犬无惊,5
鹡鸰在原,5
计过自讼,5
计深虑远,5
济困扶危,5
颊上三毫,5
艰苦朴素,5
排山倒海,5
旁求俊彦,5
高高兴兴,5
见多识广,5
见利思义,5
见素抱朴,5
将心比心,5
降尊临卑,5
降尊纡贵,5
较若画一,5
披沥肝胆,5
洁身自好,5
截发留宾,5
戒骄戒操,5
个性鲜明,5
金镳玉络,5
金声玉色,5
金石可开,5
金针见血,5
公正无私,5
锦囊佳制,5
功成名就,5
锦篇绣帙,5
锦片前程,5
进利除害,5
进贤任能,5
平地楼台,5
惊采绝艳,5
井然有条,5
鼓歌载舞,5
敬老恤贫,5
瞽言萏议,5
固若金汤,5
敬谢不敏,5
镜圆璧合,5
炯炯有神,5
观化听风,5
官运亨通,5
贯朽粟陈,5
救焚拯溺,5
菩萨低眉,5
救苦弭灾,5
光彩耀日,5
居安资深,5
广见洽闻,5
捐金抵璧,5
狷介之士,5
规贤矩圣,5
军不血刃,5
开利除害,5
轨物范世,5
看菜吃饭，量体裁衣,5
奇才异能,5
奇花异卉,5
桂玉之地,5
可圈可点,5
国富兵强,5
克勤克俭,5
琪花玉树,5
棋逢敌手,5
棋逢对手,5
棋高一着,5
旗开得胜,5
果熟蒂落,5
过都历塊,5
宽打窄用,5
安身为乐,5
昂首伸眉,5
八街九陌,5
老实巴交,5
函盖充周,5
乐道遗荣,5
行若无事,5
百万雄师,5
气义相投,5
气谊相投,5
豪奢放逸,5
保家卫国,5
抱诚守真,5
弃书捐剑,5
弃瑕取用,5
弃邪从正,5
何乐而不为,5
雷令风行,5
和容悦色,5
河海清宴,5
本固邦宁,5
河汉江淮,5
千恩万谢,5
历精更始,5
千金市骨,5
丽日和风,5
鹤骨龙筋,5
千秋万岁,5
千万买邻,5
千岩竞秀,5
千羊之皮，不如一狐之腋,5
鹤骨松姿,5
沥血披肝,5
标新领异,5
衡石程书,5
廉政勤政,5
红花绿柳,5
红情绿意,5
良工巧匠,5
闳言高论,5
别有天地,5
冰寒於水,5
冰洁玉清,5
兵精粮足,5
鸿飞冥冥,5
拨乱反治,5
鸿泥雪爪,5
亮节高风,5
后浪推前浪,5
狐死首丘,5
博物君子,5
博物洽闻,5
胡越同舟,5
量能授官,5
料事如神,5
花朝月夕,5
烈火见真金,5
不废江河,5
不甘雌伏,5
不羁之才,5
不刊之论,5
画栋雕梁,5
巧发奇中,5
领异标新,5
流离播迁,5
流水落花,5
材士练兵,5
履信思顺,5
朝气勃勃,5
昏定晨省,5
眉飞色舞,5
出将入相,5
豁然开悟,5
出手得卢,5
迷途知反,5
妙手回春,5
名不虚传,5
大辂椎轮,5
大马金刀,5
大杖则走,5
勤奋好学,5
百岁千秋,5
勤俭持家,5
拜将封侯,5
班香宋艳,5
淡水交情,5
坚定不移,5
顶门壮户,5
东南之秀,5
斗志昂扬,5
豆蔻华华,5
笃志好学,5
明心见性,5
鸣凤朝阳,5
鸣于乔木,5
见微知著,5
沁人心脾,5
沁入肺腑,5
青出于蓝,5
青出于蓝而胜于蓝,5
保盈持泰,5
建功立事,5
抱打不平,5
轻财好义,5
剑态箫心,5
轻财重士,5
轻车熟道,5
抱朴含真,5
陂湖禀量,5
杯觥交错,5
谏鼓谤木,5
轻怜重惜,5
分甘共苦,5
江山如画,5
纷红骇绿,5
奋发图强,5
目光炯炯,5
比屋可封,5
将勤补拙,5
凤皇来仪,5
降心下气,5
降颜屈体,5
教导有方,5
难能可贵,5
节节胜利,5
能言快说,5
能言善辩,5
洁清自矢,5
能者多劳,5
清歌曼舞,5
今夕何夕,5
金榜挂名,5
拍案叫绝,5
拍手称快,5
蓬生麻中，不扶自直,5
捧檄色喜,5
披肝露胆,5
禁中颇牧,5
工力悉敌,5
京兆眉妩,5
公买公卖,5
博学多闻,5
惊才风逸,5
平步青云,5
平心而论,5
井井有绪,5
鼓腹含和,5
鼓腹讴歌,5
径情直遂,5
敬老慈幼,5
贯朽粟腐,5
敬贤下士,5
敬贤重士,5
光前绝后,5
光前启后,5
不召而来,5
归真反璞,5
九世同堂,5
才调秀出,5
闺英闱秀,5
救急扶伤,5
藏器待时,5
其应若响,5
居仁由义,5
桂子飘香,5
国富民安,5
国富民强,5
骑牛读汉书,5
琪华瑶草,5
海枯石烂,5
含宫咀徵,5
秋高气肃,5
秋月春风,5
朝过夕改,5
朝气蓬勃,5
陈言务去,5
绝长补短,5
气吞湖海,5
气血方刚,5
曲突徙薪,5
好模好样,5
称兄道弟,5
弃过图新,5
和风丽日,5
和光同尘,5
成竹在胸,5
克逮克容,5
千秋万古,5
吃苦耐劳,5
克敌制胜,5
克肩一心,5
赤诚相待,5
脍炙人口,5
后浪催前浪,5
乾乾翼翼,5
虎头虎脑,5
花好月圆,5
乔迁之喜,5
老师宿儒,5
乐道安命,5
换羽移宫,5
回嗔作喜,5
悔过自新,5
力疾从公,5
安居乐业,5
豁然贯通,5
大方之家,5
火眼金睛,5
击壤鼓腹,5
机变如神,5
廉正无私,5
鸡鸣而起,5
大事不糊涂,5
人一己百,5
昂然自得,5
极乐世界,5
胆壮气粗,5
拔萃出群,5
仁至义尽,5
刃迎缕解,5
白眼相看,5
地灵人杰,5
任凭风浪起，稳坐钓鱼船,5
琴瑟和同,5
日丽风和,5
日丽风清,5
日暖风恬,5
日乾夕惕,5
日升月恒,5
日新月异,5
日月入怀,5
日月重光,5
日昃不食,5
日昃旰食,5
日昃忘食,5
东南之宝,5
东南之美,5
坚固耐用,5
蹇之匪躬,5
见缝插针,5
茂林修竹,5
见溺不救,5
反腐倡廉,5
剑及履及,5
剑气箫心,5
轻财敬士,5
迷而知反,5
迷而知返,5
谏争如流,5
面貌一新,5
逼真逼肖,5
降龙伏虎,5
降心俯首,5
轻死重气,5
轻死重义,5
名门望族,5
碧鬟红袖,5
辨如悬河,5
如臂使指,5
如操左券,5
如虎傅翼,5
如花似朵,5
如花似锦,5
如花似月,5
如获至珍,5
如饥如渴,5
如胶如漆,5
如胶投漆,5
如解倒悬,5
如龙似虎,5
如履如临,5
抚躬责己,5
如山压卵,5
如拾地芥,5
劫富济贫,5
如汤浇雪,5
如汤泼雪,5
如汤沃雪,5
如鱼似水,5
洁身自爱,5
如坐春风,5
鸣雁直木,5
洁身自守,5
铭肤镂骨,5
截铁斩钉,5
截长补短,5
清风朗月,5
解衣盘礴,5
清风明月,5
表里一致,5
入室昇堂,5
改过迁善,5
入孝出悌,5
金声玉服,5
金石不渝,5
金相玉质,5
金玉之言,5
金昭玉粹,5
能掐会算,5
锦囊佳句,5
锦囊妙计,5
凝脂点漆,5
锦囊玉轴,5
锦绣心肠,5
进德修业,5
进德脩业,5
进可替不,5
并世无两,5
蓬勃向上,5
进贤进能,5
京兆画眉,5
博闻广识,5
精神焕发,5
破肝糜胃,5
井井有序,5
三顾草庐,5
三跪九叩,5
三户亡秦,5
三谏之义,5
三沐三薰,5
三臡八菹,5
三年化碧,5
景星庆云,5
三十而立,5
三台八座,5
三头八臂,5
三头六臂,5
三头六证,5
三吐三握,5
三釁三浴,5
三阳交泰,5
三贞九烈,5
三贞五烈,5
桑土绸缪,5
桑廕未移,5
不磷不缁,5
剖心析肝,5
敬老慈穉,5
敬老怜贫,5
七步八叉,5
不染一尘,5
迥然不群,5
迥然不同,5
骑驴吟灞上,5
高雅简朴,5
山包海容,5
酒虎诗龙,5
酒龙诗虎,5
山容海纳,5
山珍海错,5
山止川行,5
删繁就简,5
删华就素,5
珊瑚在网,5
高自标树,5
高自位置,5
告往知来,5
鞠躬尽力，死而后已,5
绰绰有裕,5
千里一曲,5
公而忘私,5
牵羊担酒　,5
秋毫无犯,5
乾脆利落,5
沉潜刚克,5
晨昏定省,5
曲径通幽,5
侃侃谔谔,5
爱民如子,5
爱人利物,5
安分知足,5
确然不群,5
群芳竟艳,5
安老怀少,5
安良除暴,5
燃萁之敏,5
安内攘外,5
冲坚毁锐,5
拱揖指挥,5
拱揖指麾,5
安忍无亲,5
老少无欺,5
乐道安贫,5
乐善好施,5
乐以忘忧,5
乐在其中,5
秦镜高悬,5
了若指掌,5
雷惊电绕,5
打成一片,5
光芒四射,5
保境息民,5
勤则不匮,5
人死留名,5
大家风范,5
轻财好士,5
轻财仗义,5
量金买赋,5
归真反朴,5
本枝百世,5
笔饱墨酣,5
量力度德,5
射石饮羽,5
射像止啼,5
轻生重义,5
任怨任劳,5
日旰忘餐,5
日角偃月,5
日角珠庭,5
身名两泰,5
对证下药,5
身强体壮,5
身退功成,5
身先士众,5
辩口利辞,5
身做身当,5
国泰民安,5
深壁高垒,5
果行育德,5
辩口利舌,5
标新创异,5
深沟高垒,5
马工枚速,5
过化存神,5
深切著明,5
海不波溢,5
膘肥体壮,5
酣嬉淋漓,5
别出机杼,5
别出心裁,5
宾来如归,5
冰寒于水,5
奋勇直前,5
兵不血刃,5
妙处不传,5
妙言要道,5
并蒂芙蓉,5
清清白白,5
神到之笔,5
神飞气扬,5
神飞色舞,5
神工鬼斧,5
神工鬼力,5
神工意匠,5
神功圣化,5
神乎其神,5
神会心融,5
神魂飞越,5
神来气旺,5
神来之笔,5
神流气鬯,5
神谟远算,5
豪言壮语,5
并容徧覆,5
好酒贪杯,5
拨乱反正,5
好善恶恶,5
名重一时,5
伯乐一顾,5
好善嫉恶,5
柔枝嫩叶,5
神枢鬼藏,5
柔中有刚,5
如汤灌雪,5
好心好意,5
不卑不亢,5
不得其所,5
如指诸掌,5
磨杵成针,5
入理切情,5
莫测高深,5
入孝出弟,5
改过自新,5
不徇私情,5
合衷共济,5
甘贫守志,5
锐不可当,5
能言快语,5
和颜悦色,5
牛羊勿践,5
和衷共济,5
女中尧舜,5
藏龙卧虎,5
禅世雕龙,5
干云蔽日,5
鹏霄万里,5
横从穿贯,5
披坚执锐,5
琼浆玉液,5
琼楼玉宇,5
漂漂亮亮,5
朝发夕至,5
贫贱不移,5
绳趋尺步,5
泓峥萧瑟,5
鸿断鱼沈,5
高飞远举,5
三复斯言,5
三清四白,5
七窍玲珑,5
崎嵚历落,5
骑驴索句,5
劝善戒恶,5
确固不拔,5
气决泉达,5
山餚海错,5
尺寸之功,5
弃暗投明,5
弃恶从善,5
千虑一得,5
善始善终,5
前歌后舞,5
乾脆利索,5
乾净利落,5
乾净利索,5
强壮有力,5
切理餍心,5
赏高罚下,5
人欢马叫,5
赏贤罚暴,5
赏信罚必,5
安土乐业,5
安心定志,5
悔罪自新,5
安心乐业,5
暗室不欺,5
仁人志士,5
遨翔自得,5
鳌里夺尊,5
傲霜斗雪,5
仁言利溥,5
拔类超群,5
拔群出萃,5
十年磨剑,5
十七勇士,5
十世单传,5
认认真真,5
十载寒窗,5
石赤不夺,5
时和年丰,5
时亨运泰,5
时来运转,5
浑金璞玉,5
点水不漏,5
任人唯贤,5
百世不磨,5
观于海者难为水,5
识时达变,5
日旰忘食,5
日角龙庭,5
秦晋之好,5
日角龙颜,5
斑衣戏彩,5
识文谈字,5
识字知书,5
活龙鲜健,5
火树银花,5
洞天福地,5
击钵催诗,5
包羞忍耻,5
宝刀不老,5
宝珠市饼,5
食不二味,5
繁花似锦,5
光车骏马,5
食不重味,5
食箪浆壶,5
食甘寝安,5
食饥息劳,5
食少事繁,5
食鱼遇鯖,5
肌劈理解,5
使人愉快,5
使贤任能,5
沁人肺腑,5
始终不懈,5
肺腑之言,5
始终如一,5
抱表寝绳,5
士为知己者死,5
吉日良时,5
废私立公,5
轻财贵义,5
归十归一,5
奋武扬威,5
事倍功半,5
事捷功倍,5
丰衣足食,5
急起直迫,5
奔走之友,5
视人如伤,5
轻身殉义,5
笔下生花,5
视死若归,5
视死若生,5
视死犹归,5
视同拱璧,5
视微知著,5
视下如伤,5
视险若夷,5
急转直下,5
集思广益,5
己饥己溺,5
风雨无阻,5
柔情似水,5
舍我其谁,5
壁间蛇影,5
遍地开花,5
如原以偿,5
果刑信赏,5
标新竞异,5
继往开来,5
霁风朗月,5
適逢其时,5
適可而止,5
深计远虑,5
適以相成,5
霁月光风,5
手到病除,5
手到拈来,5
手到擒来,5
手疾眼快,5
手脚乾净,5
守1不桡,5
家给人足,5
入境问禁，入国问俗,5
别有见地,5
入圣超凡,5
改恶从善,5
首善之区,5
软硬兼施,5
坚持不懈,5
坚甲利兵,5
兵来将当，水来土掩,5
书香门户,5
秉公办理,5
菽水承欢,5
神采飞扬,5
神超形越,5
并疆兼巷,5
神而明之,5
好谋善断,5
波澜老成,5
熟路轻车,5
熟能生巧,5
熟思审处,5
刚正不阿,5
束修自好,5
神完气足,5
树德务滋,5
鉥肝刿肾,5
鉥心刿目,5
鉥心刿肾,5
高才捷足,5
蹇蹇匪躬,5
不分畛域,5
见机行事,5
撒豆成兵,5
撒娇撒痴,5
不讳之朝,5
合浦珠还,5
神怿气愉,5
情深义重,5
情深意重,5
和而不同,5
水尽山穷,5
水来土掩,5
箭不虚发,5
水明山秀,5
参天两地,5
水秀山明,5
水长船高,5
水涨船高,5
讲文张字,5
顺风吹火,5
顺风行船,5
杀身成义,5
山高水长,5
顺水行舟,5
顺天应人,5
生寄死归,5
说一是一，说二是二,5
膏场绣澮,5
交相辉映,5
割股之心,5
生死与共,5
娇小玲珑,5
革心易行,5
格不相入,5
声誉鹊起,5
死骨更肉,5
屈高就下　,5
善善恶恶,5
死中求活,5
死诸葛哧走生仲达,5
死诸葛能走生仲达,5
四海承风,5
四海皆兄弟,5
四海升平,5
四海昇平,5
四平八稳,5
四通八达,5
四通五达,5
驷不及舌,5
皦短心长,5
公门桃李　,5
较紧牙关,5
成人之美,5
节衣缩食,5
节用爱人,5
程门立雪,5
随行就市,5
截发剉稾,5
解纷排难,5
攻疾防患,5
随寓而安,5
解衣般礴,5
恭恭敬敬,5
岁寒三友,5
解衣磅礴,5
借客报仇,5
赏心乐事,5
赏信罚明,5
化民易俗,5
他山之石,5
他乡遇故知,5
今非昔比,5
金榜题名,5
慈眉善目,5
金浆玉液,5
聪明才智,5
金口玉音,5
聪明过人,5
从谏如流,5
古貌古心,5
谈笑而道,5
谈言微中,5
金声玉润,5
金屋娇娘,5
从令如流,5
寸善片长,5
鼓吹喧阗,5
探幽索隐,5
打抱不平,5
探赜索隐,5
人才出众,5
唐虞之治,5
锦簇花团,5
打拱作揖,5
黄金世界,5
人逢喜事精神爽,5
锦绣河山,5
桃来李答,5
关门打狗,5
桃李不言，下自成蹊,5
桃腮粉脸,5
桃夭李艳,5
谨终如始,5
陶情养性,5
陶然而醉,5
观隅反三,5
人间重晚晴,5
大放厥辞,5
进可替否,5
大显身手,5
上下一心,5
胆壮心雄,5
十风五雨,5
祲威盛容,5
广譬曲谕,5
十年读书,5
舍策追羊,5
顶礼膜拜,5
活蹦乱跳,5
识涂老马,5
识微见几,5
识文断字,5
精打细算,5
天公地道,5
精雕细刻,5
精耕细作,5
身当矢石,5
饥不遑食,5
天伦之乐,5
机杼一家,5
身价百倍,5
食不重昧,5
天上石麟,5
身名俱泰,5
食不重肉,5
身远心近,5
精卫填海,5
深根固本,5
天下一家,5
井井有法,5
深见远虑,5
事半功百,5
井井有方,5
井然有序,5
景色优美,5
深入显出,5
深惟重虑,5
风雨同舟,5
视死如生,5
视死如饴,5
际遇风云,5
行不更名，坐不改姓,5
柔情侠骨,5
柔远怀来,5
柔远能迩,5
柔远镇迩,5
柔枝嫩条,5
九间朝殿,5
誓死不屈,5
誓以皦日,5
適性任情,5
適性忘虑,5
手脚麻利,5
守正不桡,5
受宠若惊,5
神摇目夺,5
救灾恤患,5
书通二酉,5
居安虑危,5
神怡心旷,5
叔度陂湖,5
兼爱无私,5
升高自下,5
和颜说色,5
刚毅木讷,5
输心服意,5
熟读深思,5
束缊请火,5
见德思齐,5
高遏行云,5
塞井夷灶,5
生死不二,5
三朝元老,5
三寸不烂之舌,5
红装素裹,5
水碧山绿,5
绳愆纠谬,5
水光山色,5
鸿图华构,5
水火相济，盐梅相成,5
水天一色,5
开诚布公,5
讲信修睦,5
同德协力,5
同甘共苦,5
开口见胆,5
同气连枝,5
后生可畏,5
同心同德,5
同舟共济,5
铜筋铁骨,5
铜墙铁壁,5
童叟无欺,5
开口见喉咙,5
开物成务,5
开雾睹天,5
思深义重,5
堪称第一,5
花容月貌,5
死里求生,5
死中求生,5
化鸱为凤,5
公私两济,5
洁身累行,5
吐气扬眉,5
吐属不凡,5
团队精神,5
团体精神,5
功力兼人,5
空谷足音,5
焕然如新,5
推心置腹,5
解民倒悬,5
胯下之辱,5
巾帼须眉,5
脱口成章,5
诗情画意,5
所向无敌,5
金龟换酒,5
讳树数马,5
惠子知我,5
金枝玉叶,5
十光五色,5
鼓腹含哺,5
十拏九稳,5
十雨五风,5
汤池铁城,5
岿然不动,5
韬光韫玉,5
识微见远,5
尽如人意,5
管止神行,5
光彩陆离,5
尽忠竭力,5
上下同欲,5
万顷之陂,5
万全之策,5
万寿无疆,5
万紫千红,5
王孙公子,5
食不累味,5
激薄停浇,5
忘怀得失,5
光天化日,5
老子婆娑,5
吉祥如意,5
广开言路,5
危言谠论,5
危言危行,5
急公好施,5
舍己救人,5
视人如子,5
舍己为人,5
兢兢乾乾,5
济人利物,5
桂林一枝,5
累世通好,5
誓死不贰,5
为人说项　,5
誓同生死,5
深耕易耨,5
適如其分,5
適心娱目,5
深情厚意,5
含冰茹檗,5
警愦觉聋,5
径情直行,5
嘉言善状,5
守正不挠,5
敬恭桑梓,5
深自砥砺,5
神采奕奕,5
神采英拔,5
未雨绸缪,5
静若处子，动若脱兔,5
良师益友,5
蔚成风气,5
书不释手,5
书香门第,5
书香人家,5
坚如磐石,5
神清气爽,5
神融气泰,5
摅肝沥胆,5
鳞次栉比,5
输肝沥胆,5
伶俐乖巧,5
合胆同心,5
灵机一动,5
合情合理,5
文才武略,5
蹇谔匪躬,5
见几而作,5
文籍先生,5
见精识精,5
见兔放鹰,5
文思敏捷,5
和气致祥,5
建功立业,5
涓滴归公,5
剑胆琴心,5
剑及屦及,5
渐入佳境,5
渐至佳境,5
闻鸡起舞,5
生死之交,5
闻声相思,5
水到鱼行,5
水火不避,5
水佩风裳,5
顺风使船,5
鸿渐於干,5
顺风张帆,5
顺天从人,5
鸿爪春泥,5
通险暢机,5
厚生利用,5
刊心刻骨,5
花红柳绿,5
较德焯勤,5
面不改容,5
面折廷争,5
洁己从公,5
乌鸟私情,5
敏于事，慎于言,5
太丘道广　,5
无偏无党,5
诗礼之家,5
探竿影草,5
无所不通,5
无所畏忌,5
明明白白,5
五风十雨,5
鸣鹤之应,5
五光十色,5
五体投地,5
宽以待人,5
武艺超群,5
物阜民康,5
识才尊贤,5
进贤黜恶,5
目不苟视,5
悉索敝赋,5
进种善群,5
拿手好戏,5
识途老马,5
近悦远来,5
货真价实,5
能近取譬,5
犀角烛怪,5
实事求是,5
实心眼儿,5
食不兼味,5
能文能武,5
能写会算,5
宁缺毋滥,5
洗手奉公,5
势不可挡,5
洗心革面,5
洗心自新,5
暖衣饱食,5
天翻地覆,5
喜闻乐见,5
精神饱满,5
济济一堂,5
蓬蓬勃勃,5
鹏程万里,5
天长地久,5
誓死不渝,5
为裘为箕,5
历世摩钝,5
敬姜犹绩,5
手急眼快,5
嘉言善行,5
廉而不刿,5
平易近民,5
温情脉脉,5
救偏补弊,5
夏雨雨人,5
仙风道格,5
仙风道气,5
仙露明珠,5
救危排险,5
居安思危,5
输肝剖胆,5
普渡众生,5
文从字顺,5
齐心协力,5
见义当为,5
骑驴风雪中,5
闻一知十,5
闾阎扑地,5
满腹经纶,5
绝少分甘,5
舜日尧年,5
浇瓜之惠,5
娇鸾雏凤,5
思贤如渴,5
死得其所,5
我见犹怜,5
投鞭断流,5
投戈讲艺,5
洁己奉公,5
算无遗策,5
弦无虚发,5
推诚相见,5
乾巴利脆,5
吞刀刮肠,5
金玉良言,5
显山露水,5
锦囊还矢,5
显祖扬宗,5
五彩缤纷,5
息息相通,5
切理会心,5
奶声奶气,5
南金东箭,5
经验丰富,5
嬉笑怒骂，皆成文章,5
相忘形骸,5
锲而不舍,5
洗心换骨,5
乐乐陶陶,5
徙薪曲突,5
女中丈夫,5
天生地设,5
轻裘缓带,5
径行直遂,5
披露腹心,5
迥不犹人,5
九烈三贞,5
未为不可,5
救火扬沸,5
两世为人,5
救火拯溺,5
条贯部分,5
下笔有神,5
灵丹圣药,5
清正廉洁,5
情深一往,5
情意恳挚,5
文韬武略,5
邪不压正,5
茅塞顿开,5
美如冠玉,5
心旷神怡,5
可以信赖,5
心平气和,5
心如古井,5
心如金石,5
心如止水,5
心手相应,5
心闲手敏,5
克爱克威,5
劝善黜恶,5
确乎不拔,5
谦谦君子,5
心中有数,5
鹊返鸾回,5
乾巴利落,5
宽大为怀,5
锵金铿玉,5
显祖荣宗,5
匡乱反正,5
岿然独存,5
巧取豪夺,5
括目相待,5
忍苦耐劳,5
老成持重,5
任从风浪起，稳坐钓鱼船,5
怯防勇战,5
相貌堂堂,5
洗心涤虑,5
相濡以沫,5
日锻月炼,5
衾影无愧,5
威武不屈,5
勤学好问,5
荣华富贵,5
荣谐伉俪,5
庖丁解牛,5
镕古铸今,5
喜笑盈腮,5
喜笑盈思,5
镕今铸古,5
柔肠百转,5
柔肤弱体,5
披肝沥血,5
披襟解带,5
胸无城府,5
胸有成算,5
胸中有数,5
柔远怀迩,5
清辞丽句,5
良种繁育,5
寥若晨星,5
霄鱼垂化,5
破脑刳心,5
清源正本,5
文房四宝,5
情坚金石,5
情面难却,5
穷不失义,5
修旧利废,5
桑弧蓬矢,5
修身洁行,5
搔着痒处,5
扫眉才子,5
秋高气爽,5
鲜车健马,5
气吞虹蜺,5
求贤若渴,5
求真务实,5
善有善报，恶有恶报,5
谦恭下士,5
谦虚谨慎,5
旭日东升,5
煦色韶光,5
心忙意急,5
赏善罚恶,5
心忙意乱,5
上天入地,5
憔神悴力,5
上下同心,5
稍胜一筹,5
韶颜稚齿,5
人丁兴旺,5
相辅而行,5
相机行事,5
五世其昌,5
人心所向,5
绅士协定,5
勤能补拙,5
息黥补劓,5
能屈能伸,5
深根宁极,5
勤学苦练,5
能伸能屈,5
深入人心,5
深图密虑,5
轻财好施,5
任凭风浪起，稳坐钓鱼台,5
洗耳恭听,5
任重道远,5
洗心回面,5
日旰不食,5
形胜之地,5
荣宗耀祖,5
神清气朗,5
枵腹从公,5
喜形于色,5
胸无宿物,5
瑕不掩瑜,5
下笔成章,5
入文出武,5
破壁飞去,5
言谈林薮,5
言之凿凿,5
声振寰宇,5
先见之明,5
胜不骄，败不馁,5
眼观六路，耳听八方,5
萨噶达娃节,5
眼明手快,5
胜残去杀,5
盛食厉兵,5
其乐融融,5
十成九稳,5
扬眉吐气,5
时通运泰,5
心悦神怡,5
砌红堆绿,5
养生送死,5
实实惠惠,5
饶有风趣,5
迁善改过,5
窈窕淑女,5
实实在在,5
虚左以待,5
一板三眼,5
一瓣心香,5
一表人才,5
一表堂堂,5
一步一个脚印,5
一尘不染,5
一二九运动,5
一帆风顺,5
一饭千金,5
一方平安,5
一夫当关，万夫莫开,5
一改故辙,5
一鼓作气,5
一狐之腋,5
拾带重还,5
一举两得,5
热情洋溢,5
商彝夏鼎,5
一路福星　,5
热热闹闹,5
赏不逾时,5
一片丹心,5
一片至诚,5
一清二白,5
一清二楚,5
一日千里,5
一日之长,5
一身都是胆,5
一身是胆,5
一体同心,5
热心苦口,5
一言既出，驷马难追,5
一以贯之,5
一语破的,5
一针见血,5
衣不解带,5
衣香鬓影,5
世界主义,5
势不可当,5
热心快肠,5
赏功罚罪,5
衔石填海,5
显姓扬名,5
適材適所,5
切理厌心,5
任劳任怨,5
移风易俗,5
刑于之化,5
勤勤恳恳,5
以身殉职,5
以文会友　,5
以直报怨,5
以终天年,5
倚马可待,5
深仁厚泽,5
轻怜疼惜,5
享乐在后,5
轻怜痛惜,5
双喜临门,5
逍遥自在,5
宵衣旰食,5
水月观音,5
入火赴汤,5
升官发财,5
软谈丽语,5
驿寄梅花,5
驿使梅花,5
顺风扯帆,5
顺人应天,5
顺水顺风,5
软香温玉,5
瑞兽珍禽,5
孝子贤孙,5
生气勃勃,5
塞北江南,5
三槐九棘,5
桑弧蒿矢,5
眼里揉不下沙子,5
熊罴之师,5
熊韬豹略,5
全力以赴,5
心安理得,5
肃贪倡廉,5
休戚相关,5
修心养性,5
心潮澎湃,5
全始全终,5
因人成事,5
因人制宜,5
因势利导,5
因事制宜,5
识明智审,5
让逸竞劳,5
踏踏实实,5
善始令终,5
引绳棋布,5
饮冰茹蘖,5
饮冰食蘖,5
饮冰吞檗,5
饮胆尝血,5
饮犊上流,5
饮水曲肱,5
饮水思源,5
隐居求志,5
隐鳞戢翼,5
隐鳞戢羽,5
隐然敌国,5
隐若敌国,5
太公钓鱼，愿者上钩,5
赏不遗贱,5
一往无前,5
人心大快,5
仁人义士,5
手不释书,5
仁者能仁,5
莺俦燕侣,5
逊志时敏,5
以德报德,5
迎门请盗,5
迎刃而解,5
迎头痛击,5
深图远算,5
深猷远计,5
杏脸桃腮,5
杏腮桃脸,5
柔情密意,5
儒雅风流,5
恬然自足,5
神意自若,5
孺子可教,5
入阁登坛,5
生动活泼,5
映雪囊萤,5
严师出高徒,5
生机勃勃,5
驿路梅花,5
洒心更始,5
撒痴撒娇,5
雍容闲雅,5
通情达理,5
死而不朽,5
杀鸡为黍,5
十发十中,5
歃血为盟　,5
因风吹火,5
因陋就简,5
因难见巧,5
卬头阔步,5
善眉善眼,5
引咎责躬,5
引绳切墨,5
赏立诛必,5
赏善罚否,5
赏贤使能,5
适逢其会,5
少年老诚,5
舍身图报,5
询于刍荛,5
循名责实,5
鹰觑鹘望,5
鹰心雁爪,5
忧国忧民,5
衰多益寡,5
爽然自失,5
深中隐厚,5
神兵天将,5
神仙中人,5
神至之笔,5
应付裕如,5
应付自如,5
应弦而倒,5
应有尽有,5
庸中皦皦,5
未卜先知,5
因祸得福,5
诗云子曰,5
痛改前非,5
燕语莺声,5
温文尔雅,5
识变从宜,5
识礼知书,5
桃红柳绿,5
识时达务,5
陶情適性,5
陶猗之家,5
视民如子,5
体贴入微,5
適逢其会,5
怡然自得,5
问安视膳,5
鹰击长空,5
守望相助,5
首善之地,5
舒舒服服,5
义务劳动,5
疏财重义,5
熟路轻辙,5
有头有脸,5
条脩叶贯,5
艺高胆大,5
应机立断,5
顺非而泽,5
丝丝入扣,5
雍容大雅,5
思如涌泉,5
意前笔后,5
游刃馀地,5
又红又专,5
碎玉零玑,5
歙漆阿胶,5
突飞猛进,5
银钩铁画,5
银河倒泻,5
余勇可贾,5
鱼游濠上,5
渔人之利,5
喜从天降,5
与世偃仰,5
羽扇纶巾,5
雨顺风调,5
雨旸时若,5
语近指远,5
语长心重,5
玉洁冰清,5
有福同享,5
有过之而无不及,5
特立独行,5
郁郁葱葱,5
宛然如生,5
晚食当肉,5
绾角弟兄,5
忧国爱民,5
渊涌风厉,5
鲜眉亮眼,5
闲情逸趣,5
添砖加瓦,5
郢人斤斫,5
有死无二,5
郢人斫垩,5
郢中白雪,5
有条有理,5
衔沙填海,5
显祖扬名,5
无私无畏,5
相待如宾,5
挺身而出,5
雍容閒雅,5
有鼻子有眼,5
想望风采,5
狖轭鼯轩,5
于安思危,5
稳操左券,5
与人为善,5
与日俱增,5
云程发轫,5
云窗月户,5
云冈石窟,5
云净天空,5
云起龙骧,5
云起雪飞,5
云容月貌,5
云舒霞卷,5
云屯席卷,5
云心鹤眼,5
云兴霞蔚,5
云雨巫山,5
云中白鹤,5
云中仙鹤,5
遇水叠桥,5
忧公忘私,5
无懈可击,5
心怡神旷,5
威风凛凛,5
无幽不烛,5
五世同堂,5
威震天下,5
再作冯妇,5
勿为左右袒,5
息息相关,5
有征无战,5
游骑无归,5
游刃有馀,5
香草美人,5
响彻云表,5
响彻云际,5
择地而蹈,5
云窗霞户,5
云过天空,5
有声有色,5
有始有终,5
无坚不摧,5
斩钢截铁,5
斩将搴旗,5
无相无作,5
运斤如风,5
湛恩汪濊,5
相得益章,5
相敬如宾,5
长才广度,5
祥风时雨,5
右翦左屠,5
洗耳拱听,5
雅人深致,5
远谋深算,5
远至迩安,5
喜眉笑眼,5
向若而叹,5
骁勇善战,5
喜笑颜开,5
与虎添翼,5
喜逐颜开,5
严气正性,5
与民同乐,5
昭聋发聩,5
严阵以待,5
折节下士,5
岳镇渊渟,5
悦近来远,5
仙姿玉质,5
先人后己,5
纤尘不染,5
闲情别致,5
涎玉沫珠,5
袁安高卧,5
显亲扬名,5
询谋佥同,5
真金不怕火炼,5
张公吃酒李公颠,5
相庄如宾,5
移山倒海,5
长枕大被,5
小姑娘的脸蛋－爱煞人,5
小廉曲谨,5
笑逐言开,5
振臂一呼,5
振奋人心,5
意气飞扬,5
云窗月帐,5
毅然决然,5
燕雀相贺,5
争先恐后,5
因材施教,5
允执其中,5
运掉自如,5
引人入胜,5
运斤成风,5
斩关夺隘,5
郢匠挥斤,5
寻根究底,5
站得高，看得远,5
新陈代谢,5
真独简贵,5
长材茂学,5
雅量豁然,5
星眸皓齿,5
兴致勃勃,5
正正经经,5
昭德塞违,5
真真实实,5
言必有中,5
枕戈汗马,5
之死不渝,5
艳紫妖红,5
枕戈寝甲,5
澡身浴德,5
芝焚蕙叹,5
扬清激浊,5
枝叶扶苏,5
知恩报恩,5
崟崎磊落,5
知己知彼,5
知书识礼,5
知足常乐,5
一箭双雕,5
斩钉切铁,5
执法不阿,5
执法如山,5
执两用中,5
有板有眼,5
一路顺风,5
正大堂煌,5
张敞画眉,5
应对如流,5
真刀真枪,5
彰善瘅恶,5
有过之无不及,5
宜家宜室,5
雅量高致,5
雍容典雅,5
异途同归,5
正正气气,5
正直公平,5
有目共赏,5
勇往直前,5
咫尺万里,5
有头有脑,5
枕籍经史,5
枕善而居,5
枝叶扶疏,5
知恩必报,5
有以善处,5
执鞭随镫,5
整本大套,5
执鞭坠镫,5
鱼米之乡,5
瑜百瑕一,5
郢人斤斧,5
应答如响,5
直言切谏,5
应对如响,5
佣中佼佼,5
拥政爱民,5
庸中佼佼,5
郁郁苍苍,5
遇水架桥,5
正正堂堂,5
有血有肉,5
之死靡二,5
震聋发聩,5
铮铮铁汉,5
有嘴没心,5
于心无愧,5
正兒巴经,5
应答如流,5
援笔成章,5
源源不绝,5
脂膏莫润,5
有耻且格,5
治病救人,5
正心诚意,5
月貌花容,5
岳岳磊磊,5
岳岳荦荦,5
岳峙渊渟,5
知人善任,5
允执厥中,5
运用自如,5
知书达理,5
掷地有声,5
有脚书厨,5
余味无穷,5
彘肩斗酒,5
直言正谏,5
直言正色,5
治国安邦,5
有心有意,5
志得意满,5
长生久视,5
长治久安,5
种瓜得瓜，种豆得豆,5
鸷鸟累百，不如一鹗,5
掷地赋声,5
治郭安邦,5
长风破浪,5
远虑深谋,5
远求骐骥,5
忠贞不屈,5
智圆行方,5
贞松劲柏,5
真才实学,5
重义轻财,5
真金烈火,5
智者千虑，或有一失,5
智周万物,5
鸷鸟将击，卑飞敛翼,5
周而不比,5
仗节死义,5
掷地金声,5
折冲之臣,5
真心实意,5
众人拾柴火焰高,5
真知卓见,5
枕戈待旦,5
贞不绝俗,5
重气狥名,5
朱颜翠发,5
朱颜绿发,5
朱衣点头,5
诛故贳误,5
珠璧交辉,5
珠璧联辉,5
珠歌翠舞,5
珠光宝气,5
珠规玉矩,5
珠还合浦,5
珠连璧合,5
震古铄今,5
珠联玉映,5
凿饮耕食,5
珠圆玉洁,5
珠圆玉润,5
铢称寸量,5
铢分毫析,5
铢积寸累,5
铢积丝累,5
铢累寸积,5
铢铢较量,5
竹头木屑,5
铮铮佼佼,5
逐机应变,5
逐句逐字,5
斋心涤虑,5
崭露头角,5
中流击楫,5
劚玉如泥,5
战无不克,5
中流一壸,5
真知灼见,5
珠玉在侧　,5
助人为乐,5
正视绳行,5
助我张目,5
钟鼎山林,5
铢量寸度,5
逐字逐句,5
政清人和,5
战无不胜,5
长戟高门,5
长林丰草,5
终非池中物,5
知情达理,5
真相大白,5
周穷卹匮,5
仗义执言,5
直内方外,5
朱脣皓齿,5
众醉独醒,5
真情实意,5
铢积锱累,5
逐鹿中原,5
逐新趣异,5
正大堂皇,5
知书达礼,5
枕戈待敌,5
朱唇皓齿,5
转灾为福,5
至圣至明,5
朱脣粉面,5
朱脣玉面,5
志满气得,5
抓尖要强,5
止於至善,5
指日誓心,5
直到事人,5
正直无私,5
政通人和,5
祝哽视噎,5
直言极谏,5
秩然不紊,5
直节劲气,5
铸剑为犁,5
铸山煮海,5
铸新淘旧,5
志士仁人,5
壮土解腕,5
忠言逆耳,5
钟鼓之色,5
志在四海,5
志得气盈,5
智勇兼全,5
螽斯衍庆,5
炙鸡渍酒,5
栉风沐雨,5
昼日三接,5
中原逐鹿,5
栉霜沐露,5
众星拱北,5
谆谆诰诫,5
中立不倚,5
周公吐哺,5
忠驱义感,5
忠贞不渝,5
铢寸累积,5
逐电追风,5
种子选手,5
众擎易举,5
逐风追电,5
主情造意,5
重望高名,5
驻红却白,5
转败为成,5
铸甲销戈,5
专心一志,5
驻颜益寿,5
斫轮老手,5
孳孳不倦,5
锥处囊中,5
著作等身,5
谆谆告戒,5
孜孜无怠,5
自成一家,5
孜孜无倦,5
壮士解腕,5
准确无误,5
灼见真知,5
灼然无疑,5
浊泾清渭,5
酌水知源,5
自拔来归,5
自出心栽,5
孜孜汲汲,5
孜孜矻矻,5
孜孜不懈,5
孳孳矻矻,5
字顺文从,5
自出机杼,5
自出心裁,5
谆谆不倦,5
孜孜不辍,5
斫琱为朴,5
自信不疑,5
兹事体大,5
斫彫为朴,5
总角之交,5
孳孳汲汲,5
纵横驰骋,5
足衣足食,5
足足有余,5
俎樽折冲,5
钻坚研微,5
自力更生,5
足食丰衣,5
镞砺括羽,5
足智多谋,5
足踏实地,5
走笔成章,5
足兵足食,5
足食足兵,5
醉酒饱德,5
醉酒饱德　,5
醉吐相茵,5
醉玉颓山,5
罪人不孥,5
尊老爱幼,5
遵道秉义,5
尊师重教,5
尊主泽民,5
尊俎折冲,5
左辅右粥,5
樽酒论文,5
左家娇女,5
左宜右有,5
樽前月下,5
左提右挈,5
左右采获,5
佐饔得尝,5
作善降祥,5
坐怀不乱,5
坐上琴心,5
坐树无言,5
坐言起行,5
坐以待旦,5
佐雍得尝,5
遣兴陶情,4
日就月将,4
日暖风和,4
清歌妙舞,4
哀而不伤,3
哀丝豪竹,3
爱礼存羊,3
安不忘危,3
安步当车,3
安国宁家,3
八仙过海，各显神通,3
八字打开,3
白发红颜,3
白日升天,3
白手起家,3
白头相守,3
百花争艳,3
百战不殆,3
笨鸟先飞,3
伯歌季舞,3
不矜不伐,3
不拘形迹,3
不可或缺,3
不能赞一词,3
不忘故剑,3
不知疲倦,3
不主故常,3
步步登高,3
惨淡经营,3
持重待机,3
冲锋陷阵,3
出人头地,3
初生牛犊般,3
初写黄庭,3
除残去暴,3
除患宁乱,3
除旧布新,3
除邪去害,3
锄强扶弱,3
楚楚可怜,3
处之泰然,3
黜陟幽明,3
春光明媚,3
春兰秋菊,3
春色满园,3
椿萱并茂,3
粗中有细,3
大大方方,3
大胆泼辣,3
大有裨益,3
待时守分,3
待势乘时,3
胆略兼人,3
淡泊明志,3
独具一格,3
度德量力,3
耳目一新,3
非常热心,3
奉公守法,3
夫唱妇随,3
扶摇直上,3
福寿绵长,3
福寿年高,3
福寿双全,3
福星高照,3
福与天齐,3
复旧如初,3
富可敌国,3
富丽堂皇,3
改弦更张,3
甘拜下风,3
甘之如饴,3
高足弟子,3
各显其能,3
各有千秋,3
各有所长,3
公私两利,3
鼓舞人心,3
顾复之恩,3
光彩炫目,3
归全反真,3
过目不忘,3
含英咀华,3
毫不犹豫,3
毫发不差,3
毫发不爽,3
毫无保留地,3
和和睦睦,3
弘毅宽厚,3
黄道吉日,3
甲第连云,3
金城石室,3
锦瑟年华,3
锦心绣口,3
进善惩恶,3
进善黜恶,3
进退可度,3
进退履绳,3
进退应矩,3
进退有常,3
进退有度,3
进退有节,3
进退裕如,3
进退中度,3
进退中绳,3
举止大方,3
举止自若,3
君子成人之美,3
开花结果,3
慷慨陈词,3
克绍箕裘,3
刻骨镂心,3
口壅若川,3
刳精鉥心,3
拔犀擢象,3
白日衣绣,3
安安稳稳,3
琅琅上口,3
朗朗乾坤,3
朗朗上口,3
浪酒閒茶,3
浪子回头金不换,3
波澜壮阔,3
不差毫发,3
不痴不聋,3
不蔓不枝,3
才子佳人,3
丽句清词,3
栎阳雨金,3
连更彻夜,3
连更晓夜,3
连更星夜,3
连枝比翼,3
车水马龙,3
伯仲之间,3
当仁不让,3
林下风气,3
临机处置,3
临机应变,3
不伐其功,3
独出心裁,3
不露声色,3
另眼相待,3
另眼相看,3
令人大开眼界,3
风华正茂,3
令人敬畏,3
令人羡慕,3
溜光水滑,3
不厌其详,3
风景如画,3
不夷不惠,3
流水不腐，户枢不蠹,3
柳下借阴,3
六通四辟,3
龙德在田,3
龙眉皓发,3
龙蟠虎绕,3
龙跧虎卧,3
龙血凤髓,3
龙战玄黄,3
福禄双全,3
镂心呕血,3
镂心鉥肝,3
陆离斑驳,3
陆离光怪,3
鹿车共挽,3
鸾飞凤舞,3
鸾凤分飞,3
鸾交凤俦,3
鸾交凤友,3
论辩风生,3
论议风生,3
罗曼蒂克,3
骆驿不绝,3
略迹原情,3
马上墙头,3
满腔热血,3
刚肠嫉恶,3
门当户对,3
门墙桃李,3
门无杂宾,3
弥足珍贵,3
春风风人,3
春风化雨,3
各得其所,3
词穷理极,3
面不改色,3
慈悲为怀,3
民为邦国,3
从容自若,3
古香古色,3
大步流星,3
故剑情深,3
淡泊名利,3
毫不畏惧,3
明快生动,3
皓首穷经,3
和额悦色,3
河汾门下,3
对症下药,3
轰轰烈烈,3
反躬自问,3
反求诸己,3
目不窥园,3
后起之秀,3
目如悬珠,3
暮鼓晨钟,3
囊括四海,3
囊萤映雪,3
复旧如新,3
浑身是胆,3
能征惯战,3
拈花微笑,3
宁为玉碎，不为瓦全,3
鸡犬不宁,3
感同身受,3
戞戛独造,3
拍手叫好,3
排列整齐,3
判断正确,3
见怪不怪,3
批鳞请剑,3
教一识百,3
披榛采兰,3
解放战争,3
金友玉昆,3
进善退恶,3
精精神神,3
破崖绝角,3
久经考验,3
剖析肝胆,3
剖心析胆,3
举错得当,3
举直错枉,3
七行俱下,3
开源节流,3
看得上眼,3
奇花异草,3
渴骥奔泉,3
杞梓之林,3
安如磐石,3
来者不拒,3
蓝天生玉,3
老成之见,3
弃伪从真,3
弃瑕录用,3
弃邪归正,3
力所能及,3
千娇百媚,3
千金买骏骨,3
千了百当,3
立竿见影,3
勃勃生机,3
量力而为,3
花花世界,3
不即不离,3
陵劲淬砺,3
不失毫厘,3
令人高兴,3
镂金铺翠,3
马上得天下,3
满面春风,3
没世穷年,3
除暴安良,3
错落有致,3
名正言顺,3
阪上走丸,3
明辨是非,3
沁入心扉,3
耳聪目明,3
磨厉以须,3
莫逆之交,3
轻车简从,3
轻而易举,3
姜桂之性,3
风光如画,3
交浅言深,3
福寿齐天,3
交疏吐诚,3
嚼铁咀金,3
甘之若素,3
披裘负薪,3
宫可敌国,3
蒲鞭示辱,3
七步成章,3
妻梅子鹤,3
祁奚之荐,3
其应如响,3
君子之交,3
去伪存真,3
开来继往,3
弃旧图新,3
侃侃而谈,3
控名责实,3
口齿伶俐,3
口诵心惟,3
持平之论,3
快人快语,3
拉朽摧枯,3
来好息师,3
瞧得上眼,3
绘声绘影,3
绘影绘声,3
爱憎分明,3
豁然大悟,3
两全其美,3
两相情愿,3
量己审分,3
计出万全,3
灵活机动,3
家喻户晓,3
鼎鼎大名,3
鼎新革故,3
流金铄石,3
日无暇晷,3
动人心弦,3
流水高山,3
镂肝鉥肾,3
兼权熟计,3
没卫饮羽,3
美意延年,3
将伯之助,3
奖罚分明,3
筚路蓝缕,3
如入无人之境,3
如数家珍,3
如闻其声，如见其人,3
如响斯应,3
如埙如篪,3
磨穿铁砚,3
目不暇接,3
感激涕零,3
进善惩奸,3
精神十足,3
三星高照,3
剖心坼肝,3
溥天同庆,3
七步之才,3
不徐不疾,3
其乐无穷,3
居高临下,3
气味相投,3
鞠躬君子,3
举案齐眉,3
称心如意,3
撑肠拄腹,3
鹊桥相会,3
安贫乐道,3
悃愊无华,3
初生牛犊,3
人自为战,3
龟鹤遐龄,3
规言矩步,3
量力而行,3
设备齐全,3
设身处地,3
流水不腐，户枢不蝼,3
麻姑献寿,3
马不停蹄,3
深受感动,3
美味可口,3
面如满月,3
妙趣横生,3
不慌不忙,3
入室弟子,3
情恕理遣,3
偶俱无猜,3
红红火火,3
翩若惊鸿,3
求民病利,3
贫贱之交,3
贫贱之知,3
省吃俭用,3
平价和售,3
高门大屋,3
高倪大谈,3
气壮如牛,3
工工整整,3
公事公办,3
安富尊容,3
浑然一体,3
对答如流,3
翻然悔悟,3
光可鉴人,3
吉人天相,3
是非分明,3
福齐南山,3
身强力壮,3
富有成果,3
收视反听,3
手不释卷,3
加官进爵,3
假以辞色,3
坚持不渝,3
炳炳麟磷,3
坚心守志,3
感人肺腑,3
双瞳剪水,3
钢打铁铸,3
情见乎辞,3
不露圭角,3
高下在心,3
姹紫嫣红,3
尝鼎一脔,3
硕果仅存,3
娇艳欲滴,3
四海宴然,3
工欲善其事，必先利其器,3
送往视居,3
脚踏实地,3
诚意正心,3
公正客观,3
乘风破浪,3
胜任愉快,3
群策群力,3
随时制宜,3
随乡入乡,3
窗明几净,3
谈吐风生,3
古色古香,3
津津有味,3
韬光敛彩,3
忍辱负重,3
经久耐用,3
天不怕，地不怕,3
精神抖擞,3
及锋而试,3
急中生智,3
甘美多汁,3
肝胆过人,3
具有吸引力,3
生财有道,3
婷婷袅袅,3
卷甲衔枚,3
开诚相见,3
顺流而下,3
同窗好友,3
同牢之礼,3
同心合意,3
开路先锋,3
头头是道,3
开心见诚,3
公平交易,3
可见一斑,3
吐哺握发,3
剋己奉公,3
缓急相济,3
焕然一新,3
快刀斩乱麻,3
快人快事,3
古调不弹,3
十行俱下,3
讨类知原,3
光芒万丈,3
亡羊补牢,3
拉枯折朽,3
老马嘶风,3
事半功倍,3
天马行空,3
和风细雨,3
慎终追远,3
文武之道，一张一弛,3
楼阁台榭,3
峻宇雕墙,3
华封三祝,3
投梭折齿,3
敏而好学,3
苦中作乐,3
探赜钩深,3
完好如初,3
五行并下,3
尽力而为,3
豁目开襟,3
雾鬓风鬟,3
乐天任命,3
技高一筹,3
抛砖引玉,3
了了可见,3
天下太平,3
寿比南山,3
量材录用,3
下笔千言,3
剖肝泣血,3
简明扼要,3
涓滴之劳,3
决命争首,3
问心无愧,3
无忧无虑,3
献可替否,3
相去无几,3
晶莹剔透,3
相视而笑,3
牛刀小试,3
翩翩少年,3
向平之愿,3
丽句清辞,3
丽藻春葩,3
平平稳稳,3
清平世界,3
小家碧玉,3
小康之家,3
清晰明了,3
温柔敦厚,3
情不自禁,3
奇旁福艾,3
峻宇彫墙,3
痛痒相关,3
孟母三迁,3
心广体胖,3
心坚石穿,3
心宽体胖,3
心领神会,3
可心如意,3
心无二用,3
心有灵犀一点通,3
心悦诚服,3
心直口快,3
群威群胆,3
遣愁索笑,3
欧鹭忘机,3
了了解人意,3
柔情绰态,3
平等互利,3
量才器使,3
温暖如春,3
文君新醮,3
修身慎行,3
修文偃武,3
谦恭虚己,3
我负子戴,3
徐娘半老,3
栩栩如活,3
心知其意,3
名特优新,3
明察暗访,3
人道主义,3
少年老成,3
血性汉子,3
切中时弊,3
身体力行,3
熙来攘往,3
喜怒不形于色,3
倾心吐胆,3
清和平允,3
匹马当先,3
小试锋芒,3
擎肌分理,3
朴实无华,3
言犹在耳,3
言者无罪，闻者足戒,3
言之有理,3
言之有物,3
研桑心计,3
眼明心亮,3
胜利果实,3
权衡轻重,3
旗帜鲜明,3
心满意足,3
十日所视，十手所指,3
燃糠自照,3
千里送鹅毛,3
让枣推梨,3
摇头麰尾,3
饶有兴致,3
须髯如戟,3
一表非俗,3
一床两好,3
一登龙门,3
一定之规,3
一呼百应,3
一挥而就,3
一家之言,3
一目十行,3
使用方便,3
一望而知,3
一字不苟,3
衣轻乘肥,3
信而有征,3
相辅相成,3
以石投水,3
以一持万,3
倚门倚闾,3
神气十足,3
入结家足,3
言出法随,3
意气相投,3
善贾而沽,3
引商刻角,3
饮醇自醉,3
隐恶扬善,3
虚己受人,3
人尽其才,3
人强马壮,3
以类相从,3
杏眼圆睁,3
映月读书,3
入乡随俗,3
易地皆然,3
若无其事,3
失之东隅，收之桑榆,3
通权达变,3
师值为壮,3
扫榻以待,3
投传而去,3
仰观俯察,3
上交不谄,3
悬梁刺股,3
醍醐灌顶,3
移樽就教,3
忧深思远,3
神色不动,3
粟红贯朽,3
泰然自若,3
视民如伤,3
应权通变,3
抑塞磊落,3
纬武经文,3
游戏三昧,3
因地制宜,3
因利乘便,3
引而深知,3
引商刻羽,3
玉尺量才 ,3
细高挑儿,3
玉堂金马,3
细水长流,3
蹄间三寻,3
先发制人,3
天网恢恢，疏而不漏,3
元龙豪气,3
原汁原味,3
有备无患,3
推己及人,3
云鬟雾鬓,3
云涌风飞,3
元方季方,3
运用之妙，存乎一心,3
原始要终,3
远愁近虑,3
与世无争,3
远瞩高瞻,3
象箸玉杯,3
先知先觉,3
须眉皓然,3
载酒问字,3
五颜六色,3
有志不在年高,3
远怀近集,3
兄肥弟瘦,3
月异日新,3
造微入妙,3
邂逅相遇,3
斩钉截铁,3
长命富贵,3
长夜之饮,3
兴文偃武,3
雄心壮志,3
沿波讨源,3
早朝晏罢,3
再接再厉,3
薪火相传,3
正中下怀,3
郑重其辞,3
支持一下,3
用心用意,3
芝兰玉树,3
熠熠生辉,3
悠然自得,3
嘘枯吹生,3
悠闲自在,3
知止不殆,3
一双两好,3
延年益寿,3
有目共睹,3
有心眼儿,3
知疼着热,3
欹嵚历落,3
志气凌云,3
鼋鸣鳖应,3
勇猛精进,3
置之死地而后生,3
知被知己,3
跃跃欲试,3
指日可下,3
直来直去,3
鸢飞鱼跃,3
有则改之，无则加勉,3
锃光瓦亮,3
与民更始,3
栈山航海,3
仔仔细细,3
珠玉在侧,3
重整旗鼓,3
争分夺秒,3
择善而从,3
竹苞松茂,3
整整齐齐,3
凿壁偷光,3
烛照数计,3
直心眼儿,3
直道而行,3
正理平治,3
知之为知之，不知为不知,3
直言不讳,3
志同道合,3
秩序井然,3
众望所归,3
转败为功,3
撞府冲州,3
自我作故,3
自始至终,3
自知之明,3
字斟句酌,3
足履实地,3
嘴清舌白,3
左提右挚,3
左萦右拂,3
左右逢源,3
左右开弓,3
坐不窥堂,3
板板正正,1
不时之需,1
不无裨益,1
不以一眚掩大德,1
才识过人,1
尺短寸长,1
出身高贵,1
触类旁通,1
春秋笔法,1
达权通变,1
道古稽今，言远和近,1
灯火辉煌,1
滴水不漏,1
端端正正,1
勾魂摄魄,1
刮肠洗胃,1
毫无问题,1
金钗十二,1
谨言慎行,1
口沸目赤,1
口快心直,1
安之若素,1
郎若列眉,1
拔山扛鼎,1
冷心冷面,1
持之有故,1
波光粼粼,1
凤冠霞帔,1
六通四达,1
六问三推,1
鹿裘不完,1
鹭朋鸥侣,1
鹭约鸥盟,1
论德使能,1
马壮人强,1
称德度功,1
没有搀杂,1
靡然向风,1
滚瓜烂熟,1
好语似珠,1
闳中肆外,1
虎背熊腰,1
披沙拣金,1
平复如故,1
钩玄提要,1
和蔼可亲,1
利息秋毫,1
怀铅提椠,1
镂金错采,1
持盈守虚,1
靡然乡风,1
大处落墨,1
见可而进,1
海立云垂,1
称体裁衣,1
鹤发童颜,1
力争经营,1
日以继夜,1
靡然成风,1
改步改玉,1
骈枝俪叶,1
擘肌分理,1
三顾茅庐,1
破涕成笑,1
三思而行,1
秋风扫落叶,1
开门见山,1
安安静静,1
出身名门,1
仁义道德,1
毛遂自荐,1
八方呼应,1
辩才无碍,1
深历浅揭,1
宾至如归,1
干净利落,1
束身自好,1
树叶茂盛,1
简便易行,1
简单明了,1
不解之缘,1
情有可原,1
杀鸡饮黍,1
绳锯木断,1
善男信女,1
公诸同好,1
钩深致远,1
韬光养晦,1
天下兴亡，匹夫有责,1
合乎逻辑,1
干干净净,1
刚克柔克,1
据理力争,1
镌脾琢肾,1
善气迎人,1
耸壑昂霄,1
投梭之拒,1
师出有名,1
乐天知命,1
守经达权,1
好说话儿,1
束身自修,1
另开生面,1
迷途知返,1
靡然从风,1
慧眼独具,1
敬业乐群,1
久战沙场,1
破觚斫雕,1
心慕手追,1
困而学之,1
力排众议,1
柔心弱骨,1
批风抹月,1
平头正脸,1
一臂之力,1
一倡百和,1
一得之功,1
一视同仁,1
人急智生,1
受过良好训练,1
轻轻松松,1
清晰可辨,1
情急智生,1
遥相应和,1
一团和气,1
悬崖勒马,1
啸聚山林,1
惜老怜贫,1
雄赳赳，气昂昂,1
知过必改,1
执法必严,1
友于兄弟,1
义不容辞,1
直言尽意,1
直接了当,1
直抒己见,1
坐不垂堂,1
捉拿归案,8
协助,8
依法,9
治国,5
落实,8
文明,7
理性,8
加强,5
切实,6
坚持,5
诚请,6
清朗,3
贯彻,4
自律,8
履行,5
